date,time_since_red_minutes,moths_departed,moths_remaining,image_name
2024-11-14,0.27,2,32,07-19-51.jpg
2024-11-14,0.86,3,29,07-20-26.jpg
2024-11-14,2.75,2,27,07-22-20.jpg
2024-11-14,5.97,1,26,07-25-33.jpg
2024-11-14,8.01,4,22,07-27-35.jpg
2024-11-14,8.44,1,21,07-28-01.jpg
2024-11-14,8.54,3,18,07-28-07.jpg
2024-11-14,8.75,4,14,07-28-19.jpg
2024-11-14,8.9,1,13,07-28-28.jpg
2024-11-14,9.74,2,11,07-29-19.jpg
2024-11-14,9.98,1,10,07-29-33.jpg
2024-11-14,12.11,1,9,07-31-41.jpg
2024-11-14,18.29,3,6,07-37-52.jpg
2024-11-14,18.93,3,3,07-38-31.jpg
2024-11-14,20.45,1,2,07-40-02.jpg
2024-11-14,23.38,1,1,07-42-58.jpg
2024-11-14,23.64,1,0,07-43-13.jpg
2024-11-14,3.23,1,43,16-13-04.jpg
2024-11-14,3.51,1,42,16-13-20.jpg
2024-11-14,4.36,3,39,16-14-12.jpg
2024-11-14,5.34,3,36,16-15-10.jpg
2024-11-14,6.19,2,34,16-16-01.jpg
2024-11-14,9.24,2,32,16-19-04.jpg
2024-11-14,15.24,4,28,16-25-04.jpg
2024-11-14,17.66,1,27,16-27-30.jpg
2024-11-14,20.25,27,0,16-30-05.jpg
2024-11-15,0.76,4,30,07-22-03.jpg
2024-11-15,2.58,3,27,07-23-53.jpg
2024-11-15,3.07,1,26,07-24-22.jpg
2024-11-15,3.6,2,24,07-24-54.jpg
2024-11-15,4.15,1,23,07-25-27.jpg
2024-11-15,6.33,2,21,07-27-38.jpg
2024-11-15,7.81,4,17,07-29-06.jpg
2024-11-15,8.74,4,13,07-30-02.jpg
2024-11-15,10.97,2,11,07-32-16.jpg
2024-11-15,11.48,1,10,07-32-46.jpg
2024-11-15,14.37,4,6,07-35-40.jpg
2024-11-15,14.92,3,3,07-36-13.jpg
2024-11-15,17.32,3,0,07-38-37.jpg
2024-11-15,1.94,2,31,16-10-24.jpg
2024-11-15,2.19,4,27,16-10-39.jpg
2024-11-15,4.53,2,25,16-13-00.jpg
2024-11-15,6.87,4,21,16-15-20.jpg
2024-11-15,8.4,3,18,16-16-52.jpg
2024-11-15,12.39,2,16,16-20-51.jpg
2024-11-15,13.55,3,13,16-22-01.jpg
2024-11-15,17.02,4,9,16-25-29.jpg
2024-11-15,17.4,3,6,16-25-52.jpg
2024-11-15,17.79,6,0,16-26-15.jpg
2024-11-16,2.32,1,29,07-25-19.jpg
2024-11-16,4.88,1,28,07-27-53.jpg
2024-11-16,7.44,1,27,07-30-27.jpg
2024-11-16,8.18,2,25,07-31-11.jpg
2024-11-16,9.58,4,21,07-32-35.jpg
2024-11-16,16.99,1,20,07-39-59.jpg
2024-11-16,20.0,3,17,07-43-00.jpg
2024-11-16,21.06,4,13,07-44-04.jpg
2024-11-16,26.17,3,10,07-49-11.jpg
2024-11-16,28.15,1,9,07-51-09.jpg
2024-11-16,28.69,2,7,07-51-42.jpg
2024-11-16,29.04,3,4,07-52-02.jpg
2024-11-16,29.17,2,2,07-52-10.jpg
2024-11-16,30.4,2,0,07-53-24.jpg
2024-11-16,2.59,1,32,16-09-43.jpg
2024-11-16,3.44,3,29,16-10-35.jpg
2024-11-16,7.99,3,26,16-15-08.jpg
2024-11-16,8.13,2,24,16-15-16.jpg
2024-11-16,8.76,2,22,16-15-54.jpg
2024-11-16,11.47,3,19,16-18-36.jpg
2024-11-16,13.34,3,16,16-20-28.jpg
2024-11-16,16.38,16,0,16-23-31.jpg
2024-11-17,2.17,3,32,07-26-52.jpg
2024-11-17,4.34,3,29,07-29-02.jpg
2024-11-17,4.38,1,28,07-29-05.jpg
2024-11-17,5.47,1,27,07-30-10.jpg
2024-11-17,7.7,3,24,07-32-24.jpg
2024-11-17,9.83,1,23,07-34-32.jpg
2024-11-17,12.24,1,22,07-36-56.jpg
2024-11-17,12.54,1,21,07-37-14.jpg
2024-11-17,16.86,4,17,07-41-34.jpg
2024-11-17,16.89,1,16,07-41-35.jpg
2024-11-17,18.75,3,13,07-43-27.jpg
2024-11-17,22.75,13,0,07-47-27.jpg
2024-11-17,0.45,1,36,16-06-18.jpg
2024-11-17,2.02,1,35,16-07-52.jpg
2024-11-17,3.68,4,31,16-09-31.jpg
2024-11-17,4.06,2,29,16-09-54.jpg
2024-11-17,5.72,1,28,16-11-34.jpg
2024-11-17,9.38,3,25,16-15-13.jpg
2024-11-17,12.42,4,21,16-18-15.jpg
2024-11-17,19.91,4,17,16-25-45.jpg
2024-11-17,20.52,4,13,16-26-22.jpg
2024-11-17,23.82,1,12,16-29-40.jpg
2024-11-17,24.84,1,11,16-30-41.jpg
2024-11-17,25.5,4,7,16-31-21.jpg
2024-11-17,28.73,4,3,16-34-34.jpg
2024-11-17,34.71,3,0,16-40-33.jpg
2024-11-18,3.37,2,18,07-29-45.jpg
2024-11-18,3.84,3,15,07-30-13.jpg
2024-11-18,5.4,3,12,07-31-47.jpg
2024-11-18,5.6,1,11,07-31-59.jpg
2024-11-18,6.36,1,10,07-32-45.jpg
2024-11-18,6.72,1,9,07-33-06.jpg
2024-11-18,15.26,1,8,07-41-39.jpg
2024-11-18,17.09,3,5,07-43-29.jpg
2024-11-18,17.21,3,2,07-43-35.jpg
2024-11-18,17.27,2,0,07-43-39.jpg
2024-11-18,3.64,3,25,16-08-14.jpg
2024-11-18,9.16,2,23,16-13-45.jpg
2024-11-18,9.2,1,22,16-13-47.jpg
2024-11-18,12.53,1,21,16-17-08.jpg
2024-11-18,13.9,2,19,16-18-30.jpg
2024-11-18,15.18,19,0,16-19-46.jpg
2024-11-19,1.15,4,27,07-29-12.jpg
2024-11-19,4.0,1,26,07-32-03.jpg
2024-11-19,6.58,2,24,07-34-38.jpg
2024-11-19,7.34,4,20,07-35-23.jpg
2024-11-19,10.77,4,16,07-38-50.jpg
2024-11-19,17.93,1,15,07-45-59.jpg
2024-11-19,19.24,1,14,07-47-18.jpg
2024-11-19,19.39,1,13,07-47-27.jpg
2024-11-19,19.99,4,9,07-48-03.jpg
2024-11-19,21.05,3,6,07-49-06.jpg
2024-11-19,21.05,2,4,07-49-06.jpg
2024-11-19,21.31,2,2,07-49-22.jpg
2024-11-19,23.11,2,0,07-51-10.jpg
2024-11-19,2.07,2,37,16-05-27.jpg
2024-11-19,6.28,2,35,16-09-40.jpg
2024-11-19,10.77,3,32,16-14-09.jpg
2024-11-19,14.82,2,30,16-18-12.jpg
2024-11-19,18.56,30,0,16-21-57.jpg
2024-11-20,0.66,1,19,07-30-22.jpg
2024-11-20,4.43,3,16,07-34-08.jpg
2024-11-20,4.66,1,15,07-34-22.jpg
2024-11-20,4.82,2,13,07-34-32.jpg
2024-11-20,10.33,3,10,07-40-02.jpg
2024-11-20,11.45,4,6,07-41-10.jpg
2024-11-20,11.94,4,2,07-41-39.jpg
2024-11-20,13.63,2,0,07-43-21.jpg
2024-11-20,0.71,2,40,16-02-55.jpg
2024-11-20,5.48,4,36,16-07-42.jpg
2024-11-20,6.71,2,34,16-08-56.jpg
2024-11-20,13.61,4,30,16-15-50.jpg
2024-11-20,15.99,1,29,16-18-12.jpg
2024-11-20,24.38,1,28,16-26-36.jpg
2024-11-20,27.61,3,25,16-29-49.jpg
2024-11-20,30.32,2,23,16-32-32.jpg
2024-11-20,31.97,23,0,16-34-11.jpg
2024-11-21,4.74,1,40,07-36-05.jpg
2024-11-21,4.87,3,37,07-36-13.jpg
2024-11-21,7.27,4,33,07-38-37.jpg
2024-11-21,8.61,2,31,07-39-58.jpg
2024-11-21,10.26,3,28,07-41-37.jpg
2024-11-21,11.51,1,27,07-42-52.jpg
2024-11-21,11.73,3,24,07-43-05.jpg
2024-11-21,12.03,4,20,07-43-23.jpg
2024-11-21,15.17,1,19,07-46-31.jpg
2024-11-21,16.61,3,16,07-47-58.jpg
2024-11-21,20.73,3,13,07-52-05.jpg
2024-11-21,21.58,1,12,07-52-56.jpg
2024-11-21,23.66,1,11,07-55-01.jpg
2024-11-21,25.72,2,9,07-57-04.jpg
2024-11-21,26.51,3,6,07-57-52.jpg
2024-11-21,28.49,6,0,07-59-50.jpg
2024-11-21,9.83,3,27,16-10-55.jpg
2024-11-21,14.78,1,26,16-15-53.jpg
2024-11-21,15.06,4,22,16-16-09.jpg
2024-11-21,17.81,4,18,16-18-54.jpg
2024-11-21,19.94,3,15,16-21-02.jpg
2024-11-21,22.6,4,11,16-23-41.jpg
2024-11-21,24.36,3,8,16-25-27.jpg
2024-11-21,26.47,3,5,16-27-34.jpg
2024-11-21,27.35,3,2,16-28-27.jpg
2024-11-21,27.94,2,0,16-29-02.jpg
2024-11-22,1.97,3,38,07-34-57.jpg
2024-11-22,2.98,2,36,07-35-57.jpg
2024-11-22,3.42,4,32,07-36-23.jpg
2024-11-22,3.88,1,31,07-36-52.jpg
2024-11-22,5.55,3,28,07-38-32.jpg
2024-11-22,7.99,2,26,07-40-58.jpg
2024-11-22,9.07,2,24,07-42-03.jpg
2024-11-22,13.88,2,22,07-46-51.jpg
2024-11-22,14.02,4,18,07-47-00.jpg
2024-11-22,18.92,2,16,07-51-54.jpg
2024-11-22,22.33,4,12,07-55-18.jpg
2024-11-22,22.36,3,9,07-55-20.jpg
2024-11-22,25.77,2,7,07-58-45.jpg
2024-11-22,28.83,2,5,08-01-48.jpg
2024-11-22,29.14,4,1,08-02-07.jpg
2024-11-22,29.34,1,0,08-02-19.jpg
2024-11-22,1.94,1,22,16-01-57.jpg
2024-11-22,2.61,3,19,16-02-38.jpg
2024-11-22,4.46,4,15,16-04-29.jpg
2024-11-22,5.48,3,12,16-05-30.jpg
2024-11-22,9.79,2,10,16-09-48.jpg
2024-11-22,11.42,4,6,16-11-26.jpg
2024-11-22,11.91,1,5,16-11-55.jpg
2024-11-22,16.25,2,3,16-16-16.jpg
2024-11-22,16.77,2,1,16-16-47.jpg
2024-11-22,17.17,1,0,16-17-11.jpg
2024-11-23,0.64,4,18,07-35-13.jpg
2024-11-23,1.46,4,14,07-36-02.jpg
2024-11-23,4.32,1,13,07-38-54.jpg
2024-11-23,11.65,1,12,07-46-14.jpg
2024-11-23,12.56,1,11,07-47-09.jpg
2024-11-23,13.43,1,10,07-48-00.jpg
2024-11-23,14.74,2,8,07-49-19.jpg
2024-11-23,18.08,8,0,07-52-40.jpg
2024-11-23,1.04,2,29,16-00-01.jpg
2024-11-23,1.17,1,28,16-00-09.jpg
2024-11-23,4.78,1,27,16-03-46.jpg
2024-11-23,6.52,1,26,16-05-30.jpg
2024-11-23,9.64,2,24,16-08-37.jpg
2024-11-23,12.29,1,23,16-11-16.jpg
2024-11-23,17.47,2,21,16-16-27.jpg
2024-11-23,21.55,4,17,16-20-32.jpg
2024-11-23,22.38,2,15,16-21-21.jpg
2024-11-23,23.48,15,0,16-22-27.jpg
2024-11-24,0.32,3,32,07-36-29.jpg
2024-11-24,0.58,2,30,07-36-45.jpg
2024-11-24,0.81,2,28,07-36-58.jpg
2024-11-24,0.85,1,27,07-37-01.jpg
2024-11-24,2.2,4,23,07-38-22.jpg
2024-11-24,3.15,2,21,07-39-19.jpg
2024-11-24,3.3,3,18,07-39-28.jpg
2024-11-24,3.79,3,15,07-39-57.jpg
2024-11-24,3.82,1,14,07-39-59.jpg
2024-11-24,5.49,1,13,07-41-39.jpg
2024-11-24,6.58,2,11,07-42-45.jpg
2024-11-24,6.63,3,8,07-42-48.jpg
2024-11-24,8.87,4,4,07-45-02.jpg
2024-11-24,9.55,2,2,07-45-43.jpg
2024-11-24,9.63,2,0,07-45-48.jpg
2024-11-24,1.31,3,26,15-59-18.jpg
2024-11-24,5.55,4,22,16-03-32.jpg
2024-11-24,8.03,3,19,16-06-01.jpg
2024-11-24,18.71,1,18,16-16-42.jpg
2024-11-24,19.96,3,15,16-17-57.jpg
2024-11-24,20.26,3,12,16-18-15.jpg
2024-11-24,20.58,3,9,16-18-35.jpg
2024-11-24,21.21,4,5,16-19-12.jpg
2024-11-24,31.14,2,3,16-29-08.jpg
2024-11-24,31.68,3,0,16-29-40.jpg
2024-11-25,1.54,4,30,07-39-16.jpg
2024-11-25,2.15,3,27,07-39-53.jpg
2024-11-25,3.81,2,25,07-41-32.jpg
2024-11-25,3.91,4,21,07-41-39.jpg
2024-11-25,7.29,4,17,07-45-01.jpg
2024-11-25,12.39,2,15,07-50-07.jpg
2024-11-25,13.13,1,14,07-50-51.jpg
2024-11-25,14.46,4,10,07-52-11.jpg
2024-11-25,14.72,4,6,07-52-27.jpg
2024-11-25,14.87,1,5,07-52-36.jpg
2024-11-25,15.71,1,4,07-53-26.jpg
2024-11-25,16.69,4,0,07-54-25.jpg
2024-11-25,0.06,2,23,15-57-07.jpg
2024-11-25,2.41,1,22,15-59-28.jpg
2024-11-25,2.41,1,21,15-59-28.jpg
2024-11-25,3.55,4,17,16-00-36.jpg
2024-11-25,4.1,3,14,16-01-10.jpg
2024-11-25,9.26,1,13,16-06-19.jpg
2024-11-25,11.91,2,11,16-08-58.jpg
2024-11-25,15.93,2,9,16-12-59.jpg
2024-11-25,16.39,3,6,16-13-27.jpg
2024-11-25,16.97,1,5,16-14-01.jpg
2024-11-25,17.69,2,3,16-14-44.jpg
2024-11-25,20.24,1,2,16-17-17.jpg
2024-11-25,21.95,2,0,16-19-00.jpg
2024-11-26,1.26,3,23,07-40-32.jpg
2024-11-26,2.43,3,20,07-41-42.jpg
2024-11-26,2.76,2,18,07-42-02.jpg
2024-11-26,4.08,4,14,07-43-21.jpg
2024-11-26,4.28,1,13,07-43-33.jpg
2024-11-26,4.35,1,12,07-43-37.jpg
2024-11-26,7.26,2,10,07-46-32.jpg
2024-11-26,8.56,4,6,07-47-50.jpg
2024-11-26,8.83,2,4,07-48-06.jpg
2024-11-26,11.56,1,3,07-50-50.jpg
2024-11-26,13.08,3,0,07-52-21.jpg
2024-11-26,0.26,2,31,15-56-25.jpg
2024-11-26,2.96,4,27,15-59-07.jpg
2024-11-26,4.18,4,23,16-00-21.jpg
2024-11-26,6.68,4,19,16-02-50.jpg
2024-11-26,6.79,1,18,16-02-57.jpg
2024-11-26,7.5,4,14,16-03-40.jpg
2024-11-26,9.74,3,11,16-05-54.jpg
2024-11-26,10.05,1,10,16-06-13.jpg
2024-11-26,10.68,2,8,16-06-50.jpg
2024-11-26,10.89,2,6,16-07-03.jpg
2024-11-26,16.03,1,5,16-12-12.jpg
2024-11-26,16.28,2,3,16-12-27.jpg
2024-11-26,17.03,2,1,16-13-11.jpg
2024-11-26,17.33,1,0,16-13-30.jpg
2024-11-27,5.81,3,23,07-46-36.jpg
2024-11-27,6.36,3,20,07-47-09.jpg
2024-11-27,6.98,3,17,07-47-46.jpg
2024-11-27,8.87,3,14,07-49-39.jpg
2024-11-27,9.33,4,10,07-50-07.jpg
2024-11-27,10.99,2,8,07-51-47.jpg
2024-11-27,11.71,2,6,07-52-30.jpg
2024-11-27,13.8,4,2,07-54-35.jpg
2024-11-27,14.6,2,0,07-55-23.jpg
2024-11-27,0.28,1,25,15-55-36.jpg
2024-11-27,2.38,1,24,15-57-42.jpg
2024-11-27,5.22,1,23,16-00-32.jpg
2024-11-27,5.22,1,22,16-00-32.jpg
2024-11-27,6.54,2,20,16-01-52.jpg
2024-11-27,6.76,2,18,16-02-05.jpg
2024-11-27,6.89,1,17,16-02-13.jpg
2024-11-27,8.93,4,13,16-04-15.jpg
2024-11-27,10.42,1,12,16-05-44.jpg
2024-11-27,12.29,2,10,16-07-37.jpg
2024-11-27,15.86,4,6,16-11-11.jpg
2024-11-27,18.03,6,0,16-13-21.jpg
2024-11-28,1.36,4,27,07-43-38.jpg
2024-11-28,3.33,1,26,07-45-36.jpg
2024-11-28,5.99,4,22,07-48-16.jpg
2024-11-28,6.38,1,21,07-48-40.jpg
2024-11-28,9.25,2,19,07-51-31.jpg
2024-11-28,9.31,3,16,07-51-35.jpg
2024-11-28,9.42,2,14,07-51-42.jpg
2024-11-28,12.15,3,11,07-54-26.jpg
2024-11-28,12.6,4,7,07-54-53.jpg
2024-11-28,14.66,4,3,07-56-56.jpg
2024-11-28,16.19,2,1,07-58-28.jpg
2024-11-28,17.13,1,0,07-59-25.jpg
2024-11-28,1.43,1,20,15-55-57.jpg
2024-11-28,3.21,2,18,15-57-44.jpg
2024-11-28,3.53,2,16,15-58-04.jpg
2024-11-28,6.56,4,12,16-01-05.jpg
2024-11-28,7.19,3,9,16-01-43.jpg
2024-11-28,14.55,1,8,16-09-04.jpg
2024-11-28,16.1,8,0,16-10-37.jpg
2024-11-29,2.26,2,38,07-46-00.jpg
2024-11-29,2.41,2,36,07-46-09.jpg
2024-11-29,3.21,4,32,07-46-57.jpg
2024-11-29,7.59,2,30,07-51-20.jpg
2024-11-29,7.64,4,26,07-51-23.jpg
2024-11-29,9.55,3,23,07-53-18.jpg
2024-11-29,10.37,2,21,07-54-07.jpg
2024-11-29,13.9,1,20,07-57-39.jpg
2024-11-29,16.78,4,16,08-00-31.jpg
2024-11-29,17.88,3,13,08-01-38.jpg
2024-11-29,18.06,2,11,08-01-48.jpg
2024-11-29,18.27,2,9,08-02-01.jpg
2024-11-29,20.59,3,6,08-04-20.jpg
2024-11-29,24.09,4,2,08-07-50.jpg
2024-11-29,24.86,1,1,08-08-36.jpg
2024-11-29,24.9,1,0,08-08-38.jpg
2024-11-29,0.03,3,38,15-53-49.jpg
2024-11-29,5.87,3,35,15-59-39.jpg
2024-11-29,7.8,4,31,16-01-36.jpg
2024-11-29,9.04,3,28,16-02-49.jpg
2024-11-29,9.79,4,24,16-03-35.jpg
2024-11-29,11.32,4,20,16-05-07.jpg
2024-11-29,14.66,2,18,16-08-27.jpg
2024-11-29,14.72,2,16,16-08-30.jpg
2024-11-29,17.44,1,15,16-11-14.jpg
2024-11-29,18.38,4,11,16-12-10.jpg
2024-11-29,19.13,1,10,16-12-55.jpg
2024-11-29,22.4,4,6,16-16-11.jpg
2024-11-29,25.28,2,4,16-19-04.jpg
2024-11-29,25.64,3,1,16-19-26.jpg
2024-11-29,28.07,1,0,16-21-51.jpg
2024-11-30,0.16,3,27,07-45-20.jpg
2024-11-30,0.84,4,23,07-46-01.jpg
2024-11-30,2.41,4,19,07-47-35.jpg
2024-11-30,3.77,1,18,07-48-57.jpg
2024-11-30,6.31,4,14,07-51-30.jpg
2024-11-30,7.12,2,12,07-52-18.jpg
2024-11-30,8.04,3,9,07-53-13.jpg
2024-11-30,9.41,3,6,07-54-36.jpg
2024-11-30,10.41,4,2,07-55-35.jpg
2024-11-30,11.54,1,1,07-56-43.jpg
2024-11-30,13.45,1,0,07-58-37.jpg
2024-11-30,1.63,1,19,15-54-44.jpg
2024-11-30,7.58,4,15,16-00-40.jpg
2024-11-30,9.04,4,11,16-02-08.jpg
2024-11-30,9.1,2,9,16-02-12.jpg
2024-11-30,10.59,3,6,16-03-42.jpg
2024-11-30,11.47,4,2,16-04-34.jpg
2024-11-30,12.66,1,1,16-05-46.jpg
2024-11-30,13.31,1,0,16-06-25.jpg
2024-12-01,0.63,3,22,07-47-13.jpg
2024-12-01,1.86,1,21,07-48-26.jpg
2024-12-01,4.6,2,19,07-51-11.jpg
2024-12-01,5.29,4,15,07-51-53.jpg
2024-12-01,5.59,3,12,07-52-10.jpg
2024-12-01,6.08,3,9,07-52-40.jpg
2024-12-01,11.68,2,7,07-58-16.jpg
2024-12-01,18.7,3,4,08-05-17.jpg
2024-12-01,19.0,3,1,08-05-35.jpg
2024-12-01,22.84,1,0,08-09-26.jpg
2024-12-01,0.13,2,22,15-52-35.jpg
2024-12-01,0.13,2,20,15-52-35.jpg
2024-12-01,0.21,1,19,15-52-40.jpg
2024-12-01,0.44,1,18,15-52-54.jpg
2024-12-01,0.84,1,17,15-53-18.jpg
2024-12-01,2.71,3,14,15-55-10.jpg
2024-12-01,4.41,2,12,15-56-52.jpg
2024-12-01,4.85,1,11,15-57-19.jpg
2024-12-01,5.28,1,10,15-57-44.jpg
2024-12-01,7.56,3,7,16-00-01.jpg
2024-12-01,11.54,1,6,16-04-00.jpg
2024-12-01,11.74,2,4,16-04-12.jpg
2024-12-01,11.88,3,1,16-04-20.jpg
2024-12-01,13.47,1,0,16-05-56.jpg
2024-12-02,0.3,3,41,07-48-16.jpg
2024-12-02,0.51,2,39,07-48-28.jpg
2024-12-02,1.07,4,35,07-49-02.jpg
2024-12-02,5.29,4,31,07-53-15.jpg
2024-12-02,7.92,1,30,07-55-53.jpg
2024-12-02,8.54,4,26,07-56-30.jpg
2024-12-02,9.1,3,23,07-57-04.jpg
2024-12-02,9.6,2,21,07-57-33.jpg
2024-12-02,10.98,1,20,07-58-56.jpg
2024-12-02,13.31,4,16,08-01-16.jpg
2024-12-02,19.77,3,13,08-07-44.jpg
2024-12-02,20.94,2,11,08-08-54.jpg
2024-12-02,22.72,11,0,08-10-41.jpg
2024-12-02,0.27,1,41,15-52-08.jpg
2024-12-02,3.49,3,38,15-55-22.jpg
2024-12-02,3.91,2,36,15-55-47.jpg
2024-12-02,9.87,3,33,16-01-45.jpg
2024-12-02,9.93,3,30,16-01-48.jpg
2024-12-02,13.19,4,26,16-05-04.jpg
2024-12-02,14.36,2,24,16-06-14.jpg
2024-12-02,15.26,3,21,16-07-08.jpg
2024-12-02,15.86,4,17,16-07-44.jpg
2024-12-02,16.52,2,15,16-08-23.jpg
2024-12-02,16.68,1,14,16-08-33.jpg
2024-12-02,16.89,1,13,16-08-46.jpg
2024-12-02,20.54,2,11,16-12-25.jpg
2024-12-02,21.01,4,7,16-12-53.jpg
2024-12-02,22.93,4,3,16-14-48.jpg
2024-12-02,23.12,3,0,16-15-00.jpg
2024-12-03,2.6,3,39,07-51-54.jpg
2024-12-03,2.61,2,37,07-51-55.jpg
2024-12-03,6.99,4,33,07-56-17.jpg
2024-12-03,7.8,2,31,07-57-06.jpg
2024-12-03,12.1,4,27,08-01-24.jpg
2024-12-03,13.83,2,25,08-03-08.jpg
2024-12-03,15.34,3,22,08-04-39.jpg
2024-12-03,18.46,2,20,08-07-46.jpg
2024-12-03,21.79,2,18,08-11-06.jpg
2024-12-03,28.04,4,14,08-17-21.jpg
2024-12-03,29.42,4,10,08-18-43.jpg
2024-12-03,29.62,2,8,08-18-55.jpg
2024-12-03,31.09,4,4,08-20-23.jpg
2024-12-03,32.05,1,3,08-21-21.jpg
2024-12-03,32.2,1,2,08-21-30.jpg
2024-12-03,32.37,2,0,08-21-41.jpg
2024-12-03,0.36,4,19,15-51-42.jpg
2024-12-03,1.65,4,15,15-52-59.jpg
2024-12-03,7.21,4,11,15-58-33.jpg
2024-12-03,7.49,2,9,15-58-50.jpg
2024-12-03,8.93,4,5,16-00-16.jpg
2024-12-03,10.64,2,3,16-01-59.jpg
2024-12-03,12.58,3,0,16-03-56.jpg
2024-12-04,1.49,4,23,07-52-06.jpg
2024-12-04,3.45,3,20,07-54-03.jpg
2024-12-04,8.03,4,16,07-58-39.jpg
2024-12-04,13.14,3,13,08-03-45.jpg
2024-12-04,15.11,4,9,08-05-43.jpg
2024-12-04,16.09,3,6,08-06-42.jpg
2024-12-04,18.96,4,2,08-09-34.jpg
2024-12-04,26.23,2,0,08-16-50.jpg
2024-12-04,0.48,2,35,15-51-20.jpg
2024-12-04,1.78,4,31,15-52-39.jpg
2024-12-04,10.02,3,28,16-00-53.jpg
2024-12-04,11.36,4,24,16-02-13.jpg
2024-12-04,16.88,1,23,16-07-45.jpg
2024-12-04,21.32,4,19,16-12-11.jpg
2024-12-04,23.62,4,15,16-14-29.jpg
2024-12-04,29.02,1,14,16-19-53.jpg
2024-12-04,29.05,1,13,16-19-55.jpg
2024-12-04,30.53,4,9,16-21-24.jpg
2024-12-04,32.27,4,5,16-23-08.jpg
2024-12-04,32.87,5,0,16-23-44.jpg
2024-12-05,3.9,4,17,07-55-46.jpg
2024-12-05,4.86,4,13,07-56-44.jpg
2024-12-05,5.06,3,10,07-56-56.jpg
2024-12-05,7.53,2,8,07-59-25.jpg
2024-12-05,7.8,3,5,07-59-41.jpg
2024-12-05,8.18,1,4,08-00-03.jpg
2024-12-05,8.5,1,3,08-00-22.jpg
2024-12-05,12.19,2,1,08-04-04.jpg
2024-12-05,14.27,1,0,08-06-09.jpg
2024-12-05,4.28,3,17,15-54-43.jpg
2024-12-05,4.58,1,16,15-55-02.jpg
2024-12-05,5.27,2,14,15-55-43.jpg
2024-12-05,6.75,3,11,15-57-12.jpg
2024-12-05,10.97,2,9,16-01-25.jpg
2024-12-05,13.39,1,8,16-03-50.jpg
2024-12-05,14.68,2,6,16-05-07.jpg
2024-12-05,14.92,3,3,16-05-22.jpg
2024-12-05,15.33,2,1,16-05-46.jpg
2024-12-05,15.35,1,0,16-05-47.jpg
2024-12-06,2.71,2,38,07-55-49.jpg
2024-12-06,5.73,4,34,07-58-50.jpg
2024-12-06,7.91,2,32,08-01-01.jpg
2024-12-06,11.23,3,29,08-04-20.jpg
2024-12-06,13.65,4,25,08-06-46.jpg
2024-12-06,14.87,1,24,08-07-59.jpg
2024-12-06,18.99,2,22,08-12-06.jpg
2024-12-06,19.52,3,19,08-12-38.jpg
2024-12-06,20.1,4,15,08-13-13.jpg
2024-12-06,20.7,1,14,08-13-49.jpg
2024-12-06,27.84,4,10,08-20-57.jpg
2024-12-06,28.58,1,9,08-21-41.jpg
2024-12-06,29.03,1,8,08-22-09.jpg
2024-12-06,29.23,8,0,08-22-21.jpg
2024-12-06,1.66,4,34,15-51-44.jpg
2024-12-06,2.59,4,30,15-52-40.jpg
2024-12-06,5.07,3,27,15-55-09.jpg
2024-12-06,9.29,3,24,15-59-22.jpg
2024-12-06,11.22,2,22,16-01-18.jpg
2024-12-06,19.62,2,20,16-09-42.jpg
2024-12-06,26.35,3,17,16-16-25.jpg
2024-12-06,26.55,1,16,16-16-37.jpg
2024-12-06,28.73,3,13,16-18-48.jpg
2024-12-06,29.89,13,0,16-19-58.jpg
2024-12-07,3.83,1,24,07-58-08.jpg
2024-12-07,5.83,4,20,08-00-08.jpg
2024-12-07,7.16,3,17,08-01-28.jpg
2024-12-07,10.62,4,13,08-04-55.jpg
2024-12-07,10.83,4,9,08-05-08.jpg
2024-12-07,13.82,1,8,08-08-08.jpg
2024-12-07,13.93,3,5,08-08-14.jpg
2024-12-07,16.13,4,1,08-10-26.jpg
2024-12-07,16.3,1,0,08-10-36.jpg
2024-12-07,3.27,1,42,15-53-02.jpg
2024-12-07,6.37,2,40,15-56-08.jpg
2024-12-07,6.79,1,39,15-56-33.jpg
2024-12-07,10.96,1,38,16-00-43.jpg
2024-12-07,14.21,2,36,16-03-58.jpg
2024-12-07,17.85,3,33,16-07-36.jpg
2024-12-07,21.42,33,0,16-11-11.jpg
2024-12-08,2.34,4,29,07-57-48.jpg
2024-12-08,3.45,3,26,07-58-54.jpg
2024-12-08,3.53,3,23,07-58-59.jpg
2024-12-08,7.12,3,20,08-02-35.jpg
2024-12-08,9.45,2,18,08-04-54.jpg
2024-12-08,12.65,4,14,08-08-06.jpg
2024-12-08,13.26,2,12,08-08-43.jpg
2024-12-08,16.92,3,9,08-12-23.jpg
2024-12-08,17.69,2,7,08-13-09.jpg
2024-12-08,18.87,1,6,08-14-20.jpg
2024-12-08,20.66,6,0,08-16-07.jpg
2024-12-08,2.71,4,30,15-52-13.jpg
2024-12-08,5.75,3,27,15-55-15.jpg
2024-12-08,7.21,4,23,15-56-43.jpg
2024-12-08,8.26,3,20,15-57-46.jpg
2024-12-08,8.81,3,17,15-58-19.jpg
2024-12-08,9.6,2,15,15-59-06.jpg
2024-12-08,11.33,3,12,16-00-50.jpg
2024-12-08,11.57,2,10,16-01-04.jpg
2024-12-08,12.72,2,8,16-02-13.jpg
2024-12-08,14.3,2,6,16-03-48.jpg
2024-12-08,14.6,4,2,16-04-06.jpg
2024-12-08,14.61,2,0,16-04-07.jpg
2024-12-09,1.13,1,25,07-57-42.jpg
2024-12-09,1.37,2,23,07-57-57.jpg
2024-12-09,2.86,2,21,07-59-26.jpg
2024-12-09,6.32,4,17,08-02-53.jpg
2024-12-09,9.01,3,14,08-05-35.jpg
2024-12-09,10.99,4,10,08-07-34.jpg
2024-12-09,11.0,4,6,08-07-34.jpg
2024-12-09,14.09,4,2,08-10-39.jpg
2024-12-09,14.45,2,0,08-11-01.jpg
2024-12-09,0.7,2,21,15-50-00.jpg
2024-12-09,3.29,4,17,15-52-36.jpg
2024-12-09,5.1,4,13,15-54-24.jpg
2024-12-09,15.48,4,9,16-04-47.jpg
2024-12-09,15.59,9,0,16-04-54.jpg
2024-12-10,1.69,1,36,07-59-20.jpg
2024-12-10,3.66,4,32,08-01-18.jpg
2024-12-10,7.13,2,30,08-04-46.jpg
2024-12-10,10.71,3,27,08-08-21.jpg
2024-12-10,11.63,2,25,08-09-16.jpg
2024-12-10,12.23,2,23,08-09-52.jpg
2024-12-10,15.31,1,22,08-12-57.jpg
2024-12-10,17.81,2,20,08-15-27.jpg
2024-12-10,19.78,1,19,08-17-25.jpg
2024-12-10,20.67,2,17,08-18-18.jpg
2024-12-10,20.78,3,14,08-18-25.jpg
2024-12-10,22.28,2,12,08-19-55.jpg
2024-12-10,22.46,1,11,08-20-06.jpg
2024-12-10,23.03,2,9,08-20-40.jpg
2024-12-10,23.55,3,6,08-21-11.jpg
2024-12-10,24.75,6,0,08-22-23.jpg
2024-12-10,2.0,3,39,15-51-10.jpg
2024-12-10,2.24,2,37,15-51-24.jpg
2024-12-10,6.05,3,34,15-55-13.jpg
2024-12-10,9.03,3,31,15-58-12.jpg
2024-12-10,9.53,3,28,15-58-41.jpg
2024-12-10,9.72,2,26,15-58-53.jpg
2024-12-10,15.2,2,24,16-04-22.jpg
2024-12-10,15.39,3,21,16-04-33.jpg
2024-12-10,16.72,4,17,16-05-53.jpg
2024-12-10,19.59,4,13,16-08-45.jpg
2024-12-10,20.88,3,10,16-10-03.jpg
2024-12-10,21.34,1,9,16-10-30.jpg
2024-12-10,21.59,2,7,16-10-45.jpg
2024-12-10,21.67,3,4,16-10-50.jpg
2024-12-10,25.67,2,2,16-14-50.jpg
2024-12-10,25.78,2,0,16-14-56.jpg
2024-12-11,0.14,2,40,07-58-48.jpg
2024-12-11,5.22,4,36,08-03-53.jpg
2024-12-11,6.72,2,34,08-05-23.jpg
2024-12-11,13.01,3,31,08-11-40.jpg
2024-12-11,13.36,3,28,08-12-01.jpg
2024-12-11,13.77,4,24,08-12-26.jpg
2024-12-11,16.02,4,20,08-14-41.jpg
2024-12-11,16.41,3,17,08-15-04.jpg
2024-12-11,16.79,4,13,08-15-27.jpg
2024-12-11,18.78,1,12,08-17-27.jpg
2024-12-11,19.79,4,8,08-18-27.jpg
2024-12-11,20.51,2,6,08-19-10.jpg
2024-12-11,23.37,6,0,08-22-02.jpg
2024-12-11,0.98,2,43,15-50-03.jpg
2024-12-11,2.48,2,41,15-51-33.jpg
2024-12-11,4.5,1,40,15-53-34.jpg
2024-12-11,15.03,4,36,16-04-06.jpg
2024-12-11,15.43,36,0,16-04-30.jpg
2024-12-12,2.01,1,23,08-01-39.jpg
2024-12-12,2.32,4,19,08-01-58.jpg
2024-12-12,5.51,1,18,08-05-09.jpg
2024-12-12,6.22,4,14,08-05-52.jpg
2024-12-12,6.68,1,13,08-06-19.jpg
2024-12-12,6.9,3,10,08-06-33.jpg
2024-12-12,7.29,3,7,08-06-56.jpg
2024-12-12,7.64,1,6,08-07-17.jpg
2024-12-12,8.13,1,5,08-07-46.jpg
2024-12-12,9.4,3,2,08-09-02.jpg
2024-12-12,9.71,2,0,08-09-21.jpg
2024-12-12,0.19,1,41,15-49-14.jpg
2024-12-12,0.22,3,38,15-49-16.jpg
2024-12-12,1.77,3,35,15-50-49.jpg
2024-12-12,2.61,3,32,15-51-39.jpg
2024-12-12,3.89,4,28,15-52-56.jpg
2024-12-12,4.06,4,24,15-53-06.jpg
2024-12-12,9.04,2,22,15-58-05.jpg
2024-12-12,11.5,2,20,16-00-33.jpg
2024-12-12,12.73,3,17,16-01-47.jpg
2024-12-12,15.75,1,16,16-04-48.jpg
2024-12-12,16.8,3,13,16-05-51.jpg
2024-12-12,18.76,4,9,16-07-48.jpg
2024-12-12,18.83,9,0,16-07-53.jpg
2024-12-13,1.38,3,19,08-01-57.jpg
2024-12-13,2.53,3,16,08-03-06.jpg
2024-12-13,3.54,4,12,08-04-07.jpg
2024-12-13,4.74,2,10,08-05-19.jpg
2024-12-13,7.4,4,6,08-07-58.jpg
2024-12-13,8.74,4,2,08-09-19.jpg
2024-12-13,10.63,1,1,08-11-12.jpg
2024-12-13,11.34,1,0,08-11-55.jpg
2024-12-13,11.82,2,43,16-00-54.jpg
2024-12-13,15.12,4,39,16-04-12.jpg
2024-12-13,18.35,1,38,16-07-25.jpg
2024-12-13,18.4,38,0,16-07-28.jpg
2024-12-14,0.09,2,26,08-01-33.jpg
2024-12-14,2.05,3,23,08-03-30.jpg
2024-12-14,4.26,1,22,08-05-43.jpg
2024-12-14,5.27,3,19,08-06-43.jpg
2024-12-14,5.34,4,15,08-06-48.jpg
2024-12-14,7.8,2,13,08-09-15.jpg
2024-12-14,8.31,3,10,08-09-46.jpg
2024-12-14,9.33,1,9,08-10-47.jpg
2024-12-14,10.69,2,7,08-12-09.jpg
2024-12-14,14.67,3,4,08-16-07.jpg
2024-12-14,16.33,3,1,08-17-47.jpg
2024-12-14,17.12,1,0,08-18-35.jpg
2024-12-14,0.05,1,22,15-49-13.jpg
2024-12-14,3.68,4,18,15-52-50.jpg
2024-12-14,3.7,1,17,15-52-51.jpg
2024-12-14,4.13,3,14,15-53-17.jpg
2024-12-14,11.56,2,12,16-00-43.jpg
2024-12-14,12.38,1,11,16-01-32.jpg
2024-12-14,16.18,1,10,16-05-20.jpg
2024-12-14,19.78,4,6,16-08-56.jpg
2024-12-14,24.99,6,0,16-14-09.jpg
2024-12-15,0.34,4,33,08-02-38.jpg
2024-12-15,5.0,3,30,08-07-18.jpg
2024-12-15,5.5,4,26,08-07-47.jpg
2024-12-15,6.48,2,24,08-08-46.jpg
2024-12-15,7.17,1,23,08-09-28.jpg
2024-12-15,7.62,3,20,08-09-55.jpg
2024-12-15,8.88,4,16,08-11-10.jpg
2024-12-15,9.55,2,14,08-11-50.jpg
2024-12-15,10.78,2,12,08-13-04.jpg
2024-12-15,14.27,1,11,08-16-34.jpg
2024-12-15,14.7,2,9,08-16-59.jpg
2024-12-15,17.59,1,8,08-19-53.jpg
2024-12-15,17.87,2,6,08-20-10.jpg
2024-12-15,19.81,3,3,08-22-06.jpg
2024-12-15,20.31,1,2,08-22-36.jpg
2024-12-15,21.06,2,0,08-23-21.jpg
2024-12-15,2.16,2,31,15-51-28.jpg
2024-12-15,2.71,2,29,15-52-01.jpg
2024-12-15,3.02,1,28,15-52-19.jpg
2024-12-15,3.11,2,26,15-52-25.jpg
2024-12-15,4.63,3,23,15-53-56.jpg
2024-12-15,5.26,1,22,15-54-33.jpg
2024-12-15,5.98,4,18,15-55-17.jpg
2024-12-15,7.16,3,15,15-56-27.jpg
2024-12-15,9.81,1,14,15-59-06.jpg
2024-12-15,9.96,2,12,15-59-16.jpg
2024-12-15,12.3,4,8,16-01-36.jpg
2024-12-15,13.55,3,5,16-02-51.jpg
2024-12-15,17.87,2,3,16-07-10.jpg
2024-12-15,18.15,3,0,16-07-27.jpg
2024-12-16,1.77,2,35,08-04-51.jpg
2024-12-16,2.18,1,34,08-05-16.jpg
2024-12-16,2.42,2,32,08-05-30.jpg
2024-12-16,7.87,2,30,08-10-57.jpg
2024-12-16,11.06,1,29,08-14-08.jpg
2024-12-16,11.55,2,27,08-14-37.jpg
2024-12-16,13.81,4,23,08-16-53.jpg
2024-12-16,16.87,3,20,08-19-57.jpg
2024-12-16,17.78,4,16,08-20-51.jpg
2024-12-16,21.8,1,15,08-24-52.jpg
2024-12-16,23.27,1,14,08-26-21.jpg
2024-12-16,24.78,3,11,08-27-52.jpg
2024-12-16,26.04,11,0,08-29-07.jpg
2024-12-16,1.5,1,37,15-51-00.jpg
2024-12-16,2.59,1,36,15-52-06.jpg
2024-12-16,5.81,3,33,15-55-18.jpg
2024-12-16,6.27,4,29,15-55-46.jpg
2024-12-16,13.15,1,28,16-02-39.jpg
2024-12-16,17.36,4,24,16-06-52.jpg
2024-12-16,17.87,4,20,16-07-22.jpg
2024-12-16,18.41,3,17,16-07-55.jpg
2024-12-16,20.14,3,14,16-09-38.jpg
2024-12-16,20.53,1,13,16-10-02.jpg
2024-12-16,21.88,4,9,16-11-23.jpg
2024-12-16,22.13,2,7,16-11-37.jpg
2024-12-16,22.84,1,6,16-12-20.jpg
2024-12-16,25.31,1,5,16-14-48.jpg
2024-12-16,26.53,2,3,16-16-02.jpg
2024-12-16,29.54,3,0,16-19-02.jpg
