Timestamp,Rainfall,Cloud_Cover,Weather_Description,Temperature,Humidity,Red,Green,Blue,Color
2024-11-10 00:00:00,0.26,85.67,overcast clouds,4.26,63.27,11.56,14.56,19.48,761308.01
2024-11-10 01:00:00,0.25,66.58,scattered clouds,7.55,82.41,17.79,10.57,24.17,1168406.48
2024-11-10 02:00:00,0.03,67.18,overcast clouds,9.07,64.68,7.93,15.12,26.98,523597.54
2024-11-10 03:00:00,0.03,67.52,scattered clouds,7.43,83.38,15.48,15.5,26.03,1018470.69
2024-11-10 04:00:00,0.07,80.37,moderate rain,6.92,94.84,18.06,24.95,22.32,1190089.11
2024-11-10 05:00:00,0.05,47.51,overcast clouds,2.34,71.08,12.64,16.04,25.72,832259.81
2024-11-10 06:00:00,0.02,69.51,overcast clouds,4.67,100.0,19.7,14.89,27.29,1294978.12
2024-11-10 07:00:00,0.05,93.59,moderate rain,13.67,80.76,13.3,14.77,19.49,875204.94
2024-11-10 08:00:00,0.01,58.67,moderate rain,8.46,89.14,47.13,28.23,76.45,3095773.02
2024-11-10 09:00:00,0.07,46.95,light rain,9.67,78.22,8.04,57.76,81.75,541499.96
2024-11-10 10:00:00,0.1,79.11,scattered clouds,6.81,86.25,51.45,49.83,77.33,3384523.9
2024-11-10 11:00:00,0.13,79.42,clear sky,5.4,75.03,51.44,71.19,61.72,3389568.75
2024-11-10 12:00:00,0.02,62.3,overcast clouds,3.86,75.44,69.83,41.94,82.16,4587513.42
2024-11-10 13:00:00,0.41,36.18,light rain,6.47,65.9,62.89,88.78,73.12,4144459.28
2024-11-10 14:00:00,0.0,74.57,scattered clouds,10.83,85.44,61.48,55.8,30.57,4043757.14
2024-11-10 15:00:00,0.2,51.4,clear sky,-0.36,86.54,36.65,60.61,79.11,2417790.71
2024-11-10 16:00:00,0.13,81.39,scattered clouds,4.85,90.79,25.9,9.24,72.59,1699864.02
2024-11-10 17:00:00,0.09,83.98,overcast clouds,4.39,93.51,3.26,19.81,16.65,218425.36
2024-11-10 18:00:00,0.02,64.29,light rain,6.6,85.31,-2.11,19.43,7.95,-133167.99
2024-11-10 19:00:00,0.02,35.36,scattered clouds,10.55,84.15,16.42,9.03,15.29,1078644.32
2024-11-10 20:00:00,0.05,77.23,overcast clouds,5.06,94.24,20.49,11.74,20.95,1345921.7
2024-11-10 21:00:00,0.05,70.68,scattered clouds,6.18,83.71,6.03,6.09,27.79,396787.03
2024-11-10 22:00:00,0.03,93.31,clear sky,3.17,69.7,13.5,12.41,20.35,887756.78
2024-11-10 23:00:00,0.21,100.0,moderate rain,6.63,76.63,13.39,5.51,14.27,879209.78
2024-11-11 00:00:00,0.08,70.86,overcast clouds,7.87,92.41,11.78,9.65,25.92,774836.91
2024-11-11 01:00:00,0.04,78.61,overcast clouds,8.13,94.38,4.45,22.84,19.92,297452.49
2024-11-11 02:00:00,0.46,63.94,overcast clouds,6.92,80.2,4.72,16.23,17.96,313654.84
2024-11-11 03:00:00,0.02,75.2,overcast clouds,5.83,88.8,9.16,9.63,25.34,602832.63
2024-11-11 04:00:00,0.1,69.83,overcast clouds,1.42,71.98,11.45,14.06,21.74,754326.57
2024-11-11 05:00:00,0.17,66.61,light rain,7.3,83.69,7.58,17.9,24.67,501095.24
2024-11-11 06:00:00,0.0,76.37,light rain,4.02,70.02,21.87,3.06,29.28,1434079.91
2024-11-11 07:00:00,0.01,92.13,overcast clouds,8.92,59.21,6.2,14.69,16.09,410409.7
2024-11-11 08:00:00,0.01,80.57,light rain,6.19,88.24,39.9,57.48,42.4,2629829.2
2024-11-11 09:00:00,0.01,93.45,light rain,3.66,73.75,56.42,71.19,58.27,3715976.79
2024-11-11 10:00:00,0.08,78.62,overcast clouds,8.68,80.76,57.38,49.69,71.75,3773197.65
2024-11-11 11:00:00,0.07,84.61,moderate rain,2.22,83.39,14.18,72.97,81.12,948026.91
2024-11-11 12:00:00,0.23,74.45,scattered clouds,5.49,68.23,25.86,53.52,100.82,1708885.05
2024-11-11 13:00:00,0.17,60.4,overcast clouds,6.42,71.85,63.22,92.56,83.85,4166867.0
2024-11-11 14:00:00,0.21,81.69,light rain,3.32,80.41,68.4,36.33,84.06,4492199.49
2024-11-11 15:00:00,0.48,66.16,overcast clouds,7.62,72.28,7.9,56.53,117.49,531996.75
2024-11-11 16:00:00,0.04,66.32,overcast clouds,4.94,92.22,48.32,61.11,44.52,3182448.18
2024-11-11 17:00:00,0.09,62.24,overcast clouds,4.14,84.03,5.03,12.58,23.51,332644.3
2024-11-11 18:00:00,0.01,82.07,overcast clouds,2.54,80.55,12.56,3.21,27.3,823886.0
2024-11-11 19:00:00,0.0,62.68,light rain,11.82,77.05,8.98,6.22,16.92,590003.74
2024-11-11 20:00:00,0.13,79.94,light rain,6.12,78.2,19.69,10.54,21.57,1293304.74
2024-11-11 21:00:00,0.57,62.29,light rain,9.35,70.7,16.37,13.29,14.86,1076363.19
2024-11-11 22:00:00,0.17,67.36,overcast clouds,6.28,79.63,11.74,9.07,17.51,771607.89
2024-11-11 23:00:00,0.43,77.63,overcast clouds,9.75,82.1,11.41,19.98,19.8,753056.8
2024-11-12 00:00:00,0.04,71.42,scattered clouds,2.99,66.43,6.96,10.72,13.81,458980.91
2024-11-12 01:00:00,0.08,62.76,clear sky,5.09,70.28,11.53,15.5,25.66,759939.8
2024-11-12 02:00:00,0.11,81.28,light rain,3.78,65.67,12.67,13.08,22.0,833692.35
2024-11-12 03:00:00,0.11,69.26,overcast clouds,9.19,89.05,10.21,18.16,23.51,673481.1
2024-11-12 04:00:00,0.2,49.44,clear sky,7.91,96.21,17.02,15.18,24.59,1119510.42
2024-11-12 05:00:00,0.07,43.91,scattered clouds,0.47,72.21,-1.02,9.35,4.91,-64478.94
2024-11-12 06:00:00,0.11,52.48,clear sky,4.22,83.37,9.92,11.13,26.78,653180.7
2024-11-12 07:00:00,0.18,77.14,clear sky,4.46,90.18,17.0,15.19,12.91,1118241.51
2024-11-12 08:00:00,0.01,92.69,moderate rain,5.57,82.75,1.07,70.2,62.18,88086.1
2024-11-12 09:00:00,0.01,68.87,scattered clouds,3.86,85.47,44.94,74.7,69.13,2964310.65
2024-11-12 10:00:00,0.0,100.0,overcast clouds,7.59,88.07,107.28,67.81,62.54,7047904.35
2024-11-12 11:00:00,0.16,89.29,light rain,3.07,58.19,39.22,33.19,61.97,2578772.41
2024-11-12 12:00:00,0.05,60.78,moderate rain,8.95,56.14,22.13,95.73,79.85,1474948.59
2024-11-12 13:00:00,0.09,81.37,light rain,5.72,76.53,42.28,66.23,82.9,2788188.35
2024-11-12 14:00:00,0.09,64.28,scattered clouds,1.69,88.8,73.77,49.24,49.28,4847227.26
2024-11-12 15:00:00,0.07,77.77,overcast clouds,4.19,76.57,54.91,93.27,56.11,3622548.29
2024-11-12 16:00:00,0.16,84.67,overcast clouds,4.49,98.01,72.88,48.99,87.12,4789046.25
2024-11-12 17:00:00,0.72,82.97,overcast clouds,9.82,86.34,6.22,13.07,14.02,410989.96
2024-11-12 18:00:00,0.01,74.2,light rain,5.88,80.05,7.96,20.95,22.77,527059.73
2024-11-12 19:00:00,0.0,86.26,overcast clouds,2.47,73.45,7.84,23.01,19.67,519889.75
2024-11-12 20:00:00,0.11,67.02,scattered clouds,9.03,75.52,2.87,7.79,17.77,190254.99
2024-11-12 21:00:00,0.0,42.49,overcast clouds,7.59,74.74,15.73,11.63,18.63,1033599.29
2024-11-12 22:00:00,0.05,94.42,light rain,7.44,76.32,8.2,16.51,23.86,541884.04
2024-11-12 23:00:00,0.11,70.93,scattered clouds,5.23,90.55,9.62,23.34,21.42,636251.07
2024-11-13 00:00:00,0.03,100.0,overcast clouds,3.67,86.91,11.69,17.03,21.23,770821.4
2024-11-13 01:00:00,0.31,99.1,scattered clouds,3.95,94.25,12.28,15.53,17.51,808563.13
2024-11-13 02:00:00,0.06,94.95,scattered clouds,4.04,80.05,16.63,24.64,24.42,1096228.88
2024-11-13 03:00:00,0.11,49.91,scattered clouds,2.78,93.38,15.26,13.51,9.68,1003655.34
2024-11-13 04:00:00,0.01,75.76,overcast clouds,4.14,85.25,8.11,18.39,23.24,536527.64
2024-11-13 05:00:00,0.16,82.73,clear sky,2.97,87.34,17.72,16.19,9.82,1165272.91
2024-11-13 06:00:00,0.1,76.98,overcast clouds,6.78,74.39,14.14,14.7,14.57,930528.83
2024-11-13 07:00:00,0.0,82.73,overcast clouds,8.85,92.21,16.57,18.08,22.24,1090760.4
2024-11-13 08:00:00,0.13,80.7,overcast clouds,4.23,75.11,32.12,46.95,123.39,2117366.66
2024-11-13 09:00:00,0.1,89.95,light rain,3.3,85.98,42.33,58.47,100.81,2789245.81
2024-11-13 10:00:00,0.07,70.96,light rain,7.93,76.18,95.43,24.08,99.07,6260135.89
2024-11-13 11:00:00,0.07,51.33,light rain,5.06,79.31,51.58,68.15,62.77,3397993.19
2024-11-13 12:00:00,0.19,83.13,scattered clouds,1.93,70.93,37.58,52.46,98.85,2476314.88
2024-11-13 13:00:00,0.09,52.26,overcast clouds,7.55,79.69,54.14,60.46,53.18,3563697.43
2024-11-13 14:00:00,0.03,59.77,clear sky,7.13,72.32,78.93,76.75,88.78,5192638.33
2024-11-13 15:00:00,0.06,82.27,scattered clouds,11.59,85.26,68.74,86.43,45.76,4527173.17
2024-11-13 16:00:00,0.05,62.81,overcast clouds,-0.77,87.99,54.77,68.66,95.96,3606847.3
2024-11-13 17:00:00,0.29,60.82,light rain,3.62,74.85,12.17,14.73,16.15,801570.36
2024-11-13 18:00:00,0.08,35.9,moderate rain,0.16,70.01,11.48,8.46,28.52,754406.51
2024-11-13 19:00:00,0.05,77.96,overcast clouds,4.32,77.58,8.82,19.42,15.7,582788.64
2024-11-13 20:00:00,0.1,83.36,scattered clouds,3.65,88.78,18.03,13.49,21.77,1184774.64
2024-11-13 21:00:00,0.4,89.53,scattered clouds,7.74,87.45,22.91,15.44,20.34,1505650.62
2024-11-13 22:00:00,0.15,84.98,scattered clouds,11.25,95.2,15.79,18.76,21.49,1039451.18
2024-11-13 23:00:00,0.02,68.99,scattered clouds,10.03,70.03,5.46,23.49,11.48,363681.73
2024-11-14 00:00:00,0.02,74.93,overcast clouds,5.52,81.63,3.19,23.24,23.92,214906.57
2024-11-14 01:00:00,0.0,64.97,overcast clouds,8.86,83.01,3.36,9.29,19.72,222512.49
2024-11-14 02:00:00,0.15,32.59,overcast clouds,5.22,82.84,9.48,20.44,21.52,626213.08
2024-11-14 03:00:00,0.03,73.77,clear sky,5.3,79.38,12.54,15.98,22.24,825866.46
2024-11-14 04:00:00,0.1,83.37,light rain,5.98,79.71,8.12,19.77,23.73,537485.54
2024-11-14 05:00:00,0.02,88.24,light rain,3.12,63.38,14.68,22.29,28.96,967915.16
2024-11-14 06:00:00,0.02,100.0,light rain,9.01,68.95,3.75,16.98,17.32,249995.42
2024-11-14 07:00:00,0.09,54.66,light rain,3.54,90.82,17.92,20.2,15.0,1179769.89
2024-11-14 08:00:00,0.06,48.8,light rain,5.39,61.03,34.72,45.77,77.45,2287399.02
2024-11-14 09:00:00,0.0,91.6,light rain,9.96,76.66,25.57,68.85,103.82,1693458.54
2024-11-14 10:00:00,0.15,78.91,overcast clouds,3.49,71.49,35.25,36.54,57.95,2319485.35
2024-11-14 11:00:00,0.05,76.16,overcast clouds,8.32,96.9,72.49,29.66,75.68,4758416.94
2024-11-14 12:00:00,0.02,59.5,scattered clouds,12.11,87.57,70.01,62.88,66.6,4604072.9
2024-11-14 13:00:00,0.05,82.66,scattered clouds,5.15,76.77,45.59,42.23,76.26,2998612.91
2024-11-14 14:00:00,0.06,78.58,light rain,9.0,85.89,74.44,61.61,87.97,4894239.1
2024-11-14 15:00:00,0.02,57.72,clear sky,4.35,77.95,55.75,59.65,63.88,3668656.04
2024-11-14 16:00:00,0.01,94.76,overcast clouds,6.19,75.23,29.04,59.81,88.22,1918623.96
2024-11-14 17:00:00,0.24,89.76,light rain,9.6,76.84,18.67,11.8,22.76,1226456.02
2024-11-14 18:00:00,0.01,97.94,overcast clouds,8.92,79.66,1.55,18.91,22.05,106262.37
2024-11-14 19:00:00,0.05,80.3,light rain,9.11,74.41,0.87,22.03,22.66,62420.94
2024-11-14 20:00:00,0.07,52.0,scattered clouds,4.73,63.62,4.2,19.67,25.47,280350.81
2024-11-14 21:00:00,0.02,63.89,scattered clouds,5.32,69.45,10.61,16.59,26.7,699624.39
2024-11-14 22:00:00,0.53,70.84,overcast clouds,7.52,78.21,5.52,11.73,14.75,364694.29
2024-11-14 23:00:00,0.23,70.82,scattered clouds,8.14,85.31,14.02,19.95,19.73,924016.46
2024-11-15 00:00:00,0.16,100.0,clear sky,4.48,86.19,2.47,11.63,25.8,164869.2
2024-11-15 01:00:00,0.06,73.86,clear sky,8.07,82.0,7.47,13.14,18.94,493049.12
2024-11-15 02:00:00,0.08,100.0,clear sky,3.57,75.75,7.22,13.49,21.85,476829.24
2024-11-15 03:00:00,0.04,95.98,scattered clouds,10.18,77.43,13.07,17.03,18.92,860939.24
2024-11-15 04:00:00,0.37,51.75,light rain,1.5,91.28,15.1,22.11,19.48,995311.14
2024-11-15 05:00:00,0.03,81.11,overcast clouds,4.63,85.06,15.23,2.8,24.02,998559.61
2024-11-15 06:00:00,0.01,51.46,clear sky,4.24,80.57,15.36,8.31,15.14,1009077.3
2024-11-15 07:00:00,0.14,84.05,overcast clouds,9.5,69.29,17.51,12.46,9.62,1150466.04
2024-11-15 08:00:00,0.1,99.4,scattered clouds,10.25,89.03,39.15,76.46,71.71,2585322.3
2024-11-15 09:00:00,0.03,41.74,overcast clouds,4.51,93.44,22.8,64.01,68.74,1510751.24
2024-11-15 10:00:00,0.03,69.82,clear sky,13.92,86.32,39.28,72.33,71.06,2593162.07
2024-11-15 11:00:00,0.04,71.79,clear sky,8.11,59.95,14.65,48.07,91.18,972218.3
2024-11-15 12:00:00,0.01,62.46,overcast clouds,6.8,91.42,45.44,36.1,66.41,2987266.0
2024-11-15 13:00:00,0.07,72.65,moderate rain,7.59,73.75,44.9,76.24,80.86,2962382.6
2024-11-15 14:00:00,0.13,62.52,scattered clouds,9.2,79.35,18.9,54.96,81.61,1252590.7
2024-11-15 15:00:00,0.11,98.94,overcast clouds,9.29,76.75,7.45,49.91,106.63,501159.15
2024-11-15 16:00:00,0.13,76.27,scattered clouds,9.19,93.23,36.54,78.37,25.26,2414653.63
2024-11-15 17:00:00,0.48,57.76,overcast clouds,10.43,73.86,7.78,14.47,27.25,513534.64
2024-11-15 18:00:00,0.27,65.11,overcast clouds,0.76,75.53,11.34,19.66,24.7,747980.02
2024-11-15 19:00:00,0.32,65.61,overcast clouds,5.07,85.51,4.31,6.49,22.13,283841.51
2024-11-15 20:00:00,0.04,91.22,overcast clouds,6.76,71.39,11.7,8.9,24.5,769039.96
2024-11-15 21:00:00,0.27,87.38,light rain,6.01,80.42,8.92,17.14,37.7,589256.61
2024-11-15 22:00:00,0.16,89.44,overcast clouds,9.2,86.0,14.74,23.09,8.84,971882.7
2024-11-15 23:00:00,0.01,81.28,overcast clouds,8.5,86.23,18.27,24.28,26.56,1203383.39
2024-11-16 00:00:00,0.01,95.62,overcast clouds,2.99,83.57,14.69,19.08,22.95,967856.65
2024-11-16 01:00:00,0.06,77.98,overcast clouds,4.01,75.45,10.96,15.92,16.95,722633.41
2024-11-16 02:00:00,0.26,79.6,overcast clouds,7.6,88.62,15.81,12.55,20.38,1039510.58
2024-11-16 03:00:00,0.11,93.36,scattered clouds,10.63,80.41,6.61,6.19,28.92,435074.33
2024-11-16 04:00:00,0.08,79.37,scattered clouds,0.76,69.92,7.81,18.78,23.58,516710.01
2024-11-16 05:00:00,0.02,78.37,clear sky,6.98,92.11,10.33,13.36,18.46,680130.23
2024-11-16 06:00:00,0.21,73.59,moderate rain,6.01,91.49,13.85,16.88,14.09,911716.98
2024-11-16 07:00:00,0.16,78.18,clear sky,5.84,81.25,9.59,12.42,17.64,631982.46
2024-11-16 08:00:00,0.06,90.6,scattered clouds,3.61,68.68,48.5,53.64,74.39,3192434.23
2024-11-16 09:00:00,0.0,87.79,scattered clouds,7.0,93.6,58.47,56.27,94.1,3846511.66
2024-11-16 10:00:00,0.0,71.65,scattered clouds,2.86,80.08,70.64,36.44,68.91,4639116.34
2024-11-16 11:00:00,0.41,88.0,overcast clouds,0.04,74.34,50.07,44.26,78.32,3292664.55
2024-11-16 12:00:00,0.14,100.0,overcast clouds,4.84,69.18,65.71,48.16,46.17,4318710.69
2024-11-16 13:00:00,0.08,97.8,scattered clouds,5.71,93.47,25.72,59.08,49.71,1700823.69
2024-11-16 14:00:00,0.04,94.96,overcast clouds,10.5,79.44,54.92,63.52,43.44,3615236.32
2024-11-16 15:00:00,0.03,89.27,overcast clouds,11.06,92.33,34.19,40.03,69.98,2251006.48
2024-11-16 16:00:00,0.19,99.54,scattered clouds,5.39,75.32,25.31,91.65,65.09,1682238.27
2024-11-16 17:00:00,0.02,100.0,light rain,3.09,82.09,16.4,12.32,21.88,1077669.94
2024-11-16 18:00:00,0.05,73.53,light rain,9.79,79.69,16.62,14.95,16.97,1092861.25
2024-11-16 19:00:00,0.08,81.06,scattered clouds,7.44,78.03,5.81,13.55,20.68,384486.54
2024-11-16 20:00:00,0.05,83.7,overcast clouds,6.64,66.77,12.24,11.73,17.07,805001.62
2024-11-16 21:00:00,0.41,65.37,light rain,5.53,69.3,7.92,17.6,21.49,523788.31
2024-11-16 22:00:00,0.12,70.33,moderate rain,5.67,76.73,9.78,14.63,27.66,644538.14
2024-11-16 23:00:00,0.02,70.9,overcast clouds,6.28,81.7,10.21,11.0,18.32,672143.67
2024-11-17 00:00:00,0.02,100.0,overcast clouds,8.43,85.08,19.41,15.88,10.81,1276348.55
2024-11-17 01:00:00,0.07,74.88,clear sky,3.54,67.12,3.14,8.84,24.41,207823.53
2024-11-17 02:00:00,0.14,74.44,overcast clouds,7.77,65.87,14.96,15.0,16.41,983973.77
2024-11-17 03:00:00,0.01,55.58,overcast clouds,1.99,88.16,14.21,12.63,30.66,934573.29
2024-11-17 04:00:00,0.02,91.86,light rain,8.5,86.51,13.11,20.27,22.53,864592.54
2024-11-17 05:00:00,0.06,65.67,clear sky,7.76,89.36,9.94,12.85,13.57,655001.59
2024-11-17 06:00:00,0.03,70.46,overcast clouds,2.0,72.27,7.98,8.3,14.86,525152.76
2024-11-17 07:00:00,0.0,85.96,overcast clouds,10.64,84.24,11.92,15.74,19.3,785414.71
2024-11-17 08:00:00,0.01,56.98,overcast clouds,2.92,83.19,18.49,69.26,71.46,1229745.48
2024-11-17 09:00:00,0.17,86.67,light rain,3.44,82.15,53.29,48.72,84.85,3505109.67
2024-11-17 10:00:00,0.07,100.0,light rain,1.41,65.64,51.96,9.98,65.2,3407810.0
2024-11-17 11:00:00,0.01,68.83,light rain,2.1,76.58,54.54,60.03,55.63,3589635.25
2024-11-17 12:00:00,0.05,83.4,clear sky,9.56,82.36,44.49,70.94,83.61,2933705.56
2024-11-17 13:00:00,0.08,100.0,scattered clouds,4.15,87.18,52.93,84.59,60.18,3490771.69
2024-11-17 14:00:00,0.15,46.51,overcast clouds,3.24,78.95,47.32,31.47,78.42,3109533.42
2024-11-17 15:00:00,0.18,87.6,moderate rain,7.71,89.72,31.95,43.08,52.64,2105249.17
2024-11-17 16:00:00,0.47,91.31,light rain,9.38,72.9,49.13,6.73,76.07,3221508.92
2024-11-17 17:00:00,0.07,74.86,moderate rain,8.39,82.72,19.78,21.54,18.17,1301529.91
2024-11-17 18:00:00,0.11,82.93,overcast clouds,5.7,72.04,5.38,20.66,14.29,357713.49
2024-11-17 19:00:00,0.09,63.04,overcast clouds,9.46,100.0,8.47,16.49,23.09,559190.94
2024-11-17 20:00:00,0.04,96.82,overcast clouds,3.59,69.2,17.3,10.91,20.22,1136752.83
2024-11-17 21:00:00,0.43,56.13,clear sky,11.07,91.04,5.02,22.23,24.18,334840.13
2024-11-17 22:00:00,0.01,100.0,overcast clouds,9.24,90.68,11.1,9.56,16.56,729925.64
2024-11-17 23:00:00,0.03,75.59,scattered clouds,6.04,81.04,8.16,8.23,21.67,536991.63
2024-11-18 00:00:00,0.18,82.12,overcast clouds,9.19,79.9,14.55,15.0,16.53,957545.2
2024-11-18 01:00:00,0.13,73.97,overcast clouds,6.96,73.03,-0.16,25.52,28.36,-3652.13
2024-11-18 02:00:00,0.03,70.24,scattered clouds,1.39,84.9,11.6,17.6,18.87,764598.34
2024-11-18 03:00:00,0.04,55.81,light rain,9.13,73.82,14.05,14.4,24.23,924756.29
2024-11-18 04:00:00,0.16,68.52,clear sky,3.46,100.0,4.66,13.82,21.7,308814.9
2024-11-18 05:00:00,0.11,62.96,light rain,4.88,63.16,17.37,17.02,19.23,1142446.38
2024-11-18 06:00:00,0.04,63.54,clear sky,6.65,77.86,11.1,14.73,22.75,731310.81
2024-11-18 07:00:00,0.06,73.52,overcast clouds,6.92,100.0,3.73,14.28,20.78,248132.54
2024-11-18 08:00:00,0.19,86.06,scattered clouds,4.03,93.67,38.03,66.47,19.28,2509057.96
2024-11-18 09:00:00,0.04,78.24,moderate rain,5.38,69.62,48.55,27.98,102.9,3188711.54
2024-11-18 10:00:00,0.05,77.26,overcast clouds,10.49,61.81,77.19,71.16,89.65,5077328.66
2024-11-18 11:00:00,0.6,76.44,scattered clouds,7.01,69.78,64.65,60.96,86.1,4252664.84
2024-11-18 12:00:00,0.01,86.97,overcast clouds,11.6,78.51,58.98,72.95,54.49,3884151.07
2024-11-18 13:00:00,0.04,72.07,overcast clouds,5.08,83.26,34.0,63.58,74.22,2244560.01
2024-11-18 14:00:00,0.13,54.29,light rain,2.57,80.07,64.82,65.42,46.36,4264716.19
2024-11-18 15:00:00,0.03,78.61,overcast clouds,11.41,90.85,-12.0,44.98,62.88,-775041.91
2024-11-18 16:00:00,0.03,89.64,overcast clouds,5.98,86.14,43.71,43.29,92.31,2875468.74
2024-11-18 17:00:00,0.13,84.28,overcast clouds,2.1,78.22,12.42,6.04,18.37,815835.8
2024-11-18 18:00:00,0.09,63.7,clear sky,3.83,91.79,2.5,15.11,22.75,167866.84
2024-11-18 19:00:00,0.04,84.24,overcast clouds,10.71,83.66,4.26,13.13,15.17,282662.6
2024-11-18 20:00:00,0.01,76.21,overcast clouds,9.02,92.75,15.86,10.55,14.54,1042166.52
2024-11-18 21:00:00,0.03,100.0,scattered clouds,8.85,91.15,6.02,24.89,17.2,400694.41
2024-11-18 22:00:00,0.09,63.38,overcast clouds,4.95,81.54,15.25,9.71,22.77,1001909.01
2024-11-18 23:00:00,0.01,92.32,clear sky,9.26,74.87,13.55,16.63,20.0,892267.87
2024-11-19 00:00:00,0.02,97.3,overcast clouds,4.98,89.95,23.16,25.34,18.83,1524590.97
2024-11-19 01:00:00,0.02,67.21,scattered clouds,4.98,80.51,9.52,12.49,25.15,627121.26
2024-11-19 02:00:00,0.01,91.44,light rain,8.21,72.97,11.83,8.07,18.99,777294.7
2024-11-19 03:00:00,0.18,76.24,clear sky,10.24,77.01,10.47,16.75,20.25,690727.97
2024-11-19 04:00:00,0.12,66.48,overcast clouds,-0.6,84.53,5.43,18.2,19.85,360507.11
2024-11-19 05:00:00,0.11,90.08,overcast clouds,5.35,70.81,6.23,19.3,18.36,413555.85
2024-11-19 06:00:00,0.18,71.62,overcast clouds,3.76,88.36,7.92,13.62,5.03,522769.39
2024-11-19 07:00:00,0.23,78.99,overcast clouds,4.29,92.67,5.9,16.33,15.96,390973.55
2024-11-19 08:00:00,0.02,54.85,scattered clouds,3.9,79.38,16.85,56.46,117.29,1118979.37
2024-11-19 09:00:00,0.18,82.66,overcast clouds,4.36,92.18,46.05,47.59,104.97,3030312.11
2024-11-19 10:00:00,0.07,71.56,overcast clouds,2.2,86.23,69.06,81.76,53.49,4546646.63
2024-11-19 11:00:00,0.15,78.21,scattered clouds,9.15,63.33,46.0,51.89,89.18,3028246.05
2024-11-19 12:00:00,0.03,83.2,moderate rain,8.36,63.73,40.37,67.92,71.3,2663185.72
2024-11-19 13:00:00,0.02,70.03,clear sky,4.98,100.0,35.79,35.8,74.84,2354727.46
2024-11-19 14:00:00,0.09,86.11,overcast clouds,1.04,82.37,32.51,94.26,98.26,2154754.39
2024-11-19 15:00:00,0.04,81.11,scattered clouds,5.38,66.77,7.23,67.86,69.46,490949.3
2024-11-19 16:00:00,0.01,78.15,overcast clouds,4.58,77.65,67.46,24.32,76.97,4427059.88
2024-11-19 17:00:00,0.12,86.09,moderate rain,7.36,71.39,1.58,9.31,16.8,105919.88
2024-11-19 18:00:00,0.05,100.0,light rain,8.51,74.02,13.79,14.88,12.96,907344.66
2024-11-19 19:00:00,0.29,73.78,scattered clouds,9.97,77.91,9.89,7.69,25.32,650182.37
2024-11-19 20:00:00,0.11,75.16,scattered clouds,6.84,93.8,7.23,19.84,20.02,478754.22
2024-11-19 21:00:00,0.01,72.04,overcast clouds,15.89,73.47,14.48,15.03,31.14,952979.67
2024-11-19 22:00:00,0.4,96.48,moderate rain,7.5,76.37,6.79,13.6,9.6,448559.78
2024-11-19 23:00:00,0.03,75.1,overcast clouds,12.43,60.82,18.98,14.38,25.65,1247654.98
2024-11-20 00:00:00,0.65,60.68,clear sky,6.81,67.98,12.7,12.73,19.57,835838.16
2024-11-20 01:00:00,0.04,71.36,overcast clouds,11.19,79.09,6.55,11.19,12.99,432333.62
2024-11-20 02:00:00,0.21,62.52,light rain,3.49,92.25,4.72,9.36,14.82,311701.63
2024-11-20 03:00:00,0.05,85.07,overcast clouds,10.08,70.34,17.62,15.48,13.96,1158500.29
2024-11-20 04:00:00,0.09,53.92,overcast clouds,6.33,74.76,11.98,8.57,21.38,787125.77
2024-11-20 05:00:00,0.12,72.11,overcast clouds,4.65,50.36,11.57,18.2,22.14,762822.21
2024-11-20 06:00:00,0.01,63.89,moderate rain,4.08,78.4,15.1,10.21,20.28,992479.23
2024-11-20 07:00:00,0.32,76.41,overcast clouds,0.04,78.83,11.97,14.08,19.31,788266.55
2024-11-20 08:00:00,0.05,51.48,overcast clouds,6.71,78.49,77.03,56.18,60.56,5062681.25
2024-11-20 09:00:00,0.01,46.16,overcast clouds,9.22,78.91,50.75,79.05,57.4,3346031.5
2024-11-20 10:00:00,0.04,68.45,scattered clouds,8.85,76.47,52.75,71.38,110.99,3475299.1
2024-11-20 11:00:00,0.01,79.06,overcast clouds,6.26,90.4,81.94,66.56,75.8,5387079.54
2024-11-20 12:00:00,0.06,68.27,clear sky,1.81,76.34,71.11,60.77,48.55,4675620.46
2024-11-20 13:00:00,0.17,41.59,light rain,13.31,89.8,47.69,71.08,102.96,3144001.22
2024-11-20 14:00:00,0.01,88.78,light rain,13.47,87.84,51.1,47.66,52.65,3361392.18
2024-11-20 15:00:00,0.06,86.17,overcast clouds,6.85,80.43,69.49,98.47,82.68,4579455.83
2024-11-20 16:00:00,0.02,80.08,clear sky,6.14,66.39,19.07,111.53,40.5,1278510.76
2024-11-20 17:00:00,0.05,88.35,overcast clouds,0.78,95.94,7.33,14.26,24.18,484104.41
2024-11-20 18:00:00,0.06,56.88,overcast clouds,7.84,81.98,10.8,21.76,23.05,713086.37
2024-11-20 19:00:00,0.04,75.53,scattered clouds,5.61,85.5,6.28,11.45,23.54,414409.78
2024-11-20 20:00:00,0.4,72.35,light rain,8.67,84.31,8.52,13.52,24.22,562094.25
2024-11-20 21:00:00,0.05,76.6,moderate rain,4.49,82.45,8.02,14.81,12.98,529392.56
2024-11-20 22:00:00,0.23,92.54,overcast clouds,5.55,76.93,7.0,19.74,14.45,463531.17
2024-11-20 23:00:00,0.04,64.68,light rain,6.47,90.18,12.84,7.82,22.69,843288.15
2024-11-21 00:00:00,0.23,46.23,moderate rain,5.57,65.41,19.36,7.6,22.53,1270574.89
2024-11-21 01:00:00,0.03,83.71,light rain,5.62,88.49,1.68,17.5,15.18,114921.51
2024-11-21 02:00:00,0.01,91.87,overcast clouds,2.1,75.12,14.76,7.13,22.91,969447.5
2024-11-21 03:00:00,0.13,79.76,overcast clouds,4.59,74.7,7.86,13.53,24.03,518281.92
2024-11-21 04:00:00,0.03,74.25,scattered clouds,3.59,67.98,9.47,18.79,25.6,625340.29
2024-11-21 05:00:00,0.21,78.99,overcast clouds,6.05,83.78,17.06,5.65,17.3,1119769.95
2024-11-21 06:00:00,0.01,67.04,overcast clouds,7.53,81.07,15.86,20.66,18.08,1044991.58
2024-11-21 07:00:00,0.09,75.27,scattered clouds,5.57,60.81,3.87,18.37,18.0,258621.57
2024-11-21 08:00:00,0.16,62.83,scattered clouds,4.1,71.83,75.57,62.9,95.14,4968536.03
2024-11-21 09:00:00,0.03,92.87,moderate rain,5.79,77.01,34.37,79.18,90.1,2272948.32
2024-11-21 10:00:00,0.41,80.71,clear sky,6.85,71.7,42.58,67.63,79.3,2808020.51
2024-11-21 11:00:00,0.08,79.73,overcast clouds,6.73,83.79,43.48,45.69,46.23,2861093.89
2024-11-21 12:00:00,0.06,86.33,overcast clouds,7.89,84.21,52.57,31.39,40.61,3453628.89
2024-11-21 13:00:00,0.12,58.39,overcast clouds,6.04,84.05,50.11,31.77,85.59,3292071.56
2024-11-21 14:00:00,0.17,84.11,clear sky,2.21,69.65,31.48,50.5,78.64,2075933.43
2024-11-21 15:00:00,0.17,76.45,clear sky,4.61,84.56,36.05,67.21,53.58,2379905.13
2024-11-21 16:00:00,0.05,54.11,overcast clouds,9.28,87.71,62.38,57.14,100.55,4103162.8
2024-11-21 17:00:00,0.27,78.28,overcast clouds,4.62,75.66,14.9,18.61,16.96,981158.83
2024-11-21 18:00:00,0.11,50.44,light rain,10.4,79.43,8.81,17.78,20.4,582048.95
2024-11-21 19:00:00,0.14,71.45,light rain,4.35,74.55,3.47,10.72,23.64,230333.97
2024-11-21 20:00:00,0.0,56.55,light rain,3.41,85.99,9.31,16.14,14.05,614364.86
2024-11-21 21:00:00,0.05,56.13,overcast clouds,3.49,86.15,10.4,24.38,16.44,688125.84
2024-11-21 22:00:00,0.03,67.64,scattered clouds,5.21,85.68,9.37,13.02,23.22,617601.6
2024-11-21 23:00:00,0.15,69.71,overcast clouds,6.64,77.41,4.99,16.17,22.51,331325.31
2024-11-22 00:00:00,0.18,77.18,clear sky,5.26,82.78,5.2,14.06,18.77,344584.93
2024-11-22 01:00:00,0.17,54.63,overcast clouds,9.62,72.33,22.46,5.87,8.04,1473332.12
2024-11-22 02:00:00,0.09,50.84,overcast clouds,7.39,72.75,10.82,23.54,20.55,715194.27
2024-11-22 03:00:00,0.09,95.47,overcast clouds,8.64,95.21,12.76,25.08,13.48,842621.93
2024-11-22 04:00:00,0.2,95.99,overcast clouds,7.0,83.29,10.71,16.89,21.73,706464.86
2024-11-22 05:00:00,0.32,89.54,light rain,5.56,55.87,12.25,13.02,14.84,806173.11
2024-11-22 06:00:00,0.05,71.86,light rain,-1.07,89.49,12.37,16.48,25.46,814831.27
2024-11-22 07:00:00,0.12,83.73,overcast clouds,4.3,83.32,6.12,14.14,24.28,404725.98
2024-11-22 08:00:00,0.07,75.85,overcast clouds,4.87,65.6,86.74,41.57,68.17,5695049.85
2024-11-22 09:00:00,0.05,70.99,overcast clouds,4.82,84.59,92.19,75.74,118.86,6061134.88
2024-11-22 10:00:00,0.05,77.87,light rain,5.77,85.26,44.83,55.87,100.02,2952700.71
2024-11-22 11:00:00,0.05,65.22,overcast clouds,4.98,93.67,42.44,66.31,102.89,2798634.39
2024-11-22 12:00:00,0.09,84.58,light rain,7.78,73.74,40.45,66.33,58.25,2668247.02
2024-11-22 13:00:00,0.31,67.71,overcast clouds,6.24,90.28,35.66,79.63,61.37,2357326.99
2024-11-22 14:00:00,0.21,80.84,scattered clouds,7.98,81.84,26.15,71.53,68.7,1732355.4
2024-11-22 15:00:00,0.08,59.06,overcast clouds,7.49,86.92,43.99,69.95,85.64,2901131.85
2024-11-22 16:00:00,0.44,72.64,scattered clouds,8.36,68.36,53.91,63.09,68.5,3549085.65
2024-11-22 17:00:00,0.08,73.32,overcast clouds,10.07,73.66,10.3,20.32,26.08,680511.75
2024-11-22 18:00:00,0.25,79.75,scattered clouds,5.6,70.23,11.9,20.24,19.26,784906.06
2024-11-22 19:00:00,0.0,80.3,clear sky,8.37,77.82,3.7,15.13,27.46,246400.63
2024-11-22 20:00:00,0.3,45.63,scattered clouds,6.98,76.49,12.44,7.36,21.82,817224.21
2024-11-22 21:00:00,0.03,56.71,moderate rain,5.49,82.94,22.38,19.17,22.98,1471553.68
2024-11-22 22:00:00,0.16,63.57,light rain,6.91,82.66,14.47,22.68,17.86,954171.94
2024-11-22 23:00:00,0.04,74.62,moderate rain,6.63,73.03,20.62,17.75,13.57,1355774.21
2024-11-23 00:00:00,0.13,83.97,overcast clouds,8.4,78.84,16.72,24.21,18.72,1101947.25
2024-11-23 01:00:00,0.05,80.12,overcast clouds,5.92,82.9,12.72,20.43,23.37,839165.28
2024-11-23 02:00:00,0.08,92.02,scattered clouds,11.05,80.34,9.15,25.79,13.28,606379.9
2024-11-23 03:00:00,0.06,81.95,overcast clouds,5.8,69.6,14.92,26.18,30.34,984692.59
2024-11-23 04:00:00,0.03,82.81,overcast clouds,1.29,77.17,5.97,14.57,35.55,395099.08
2024-11-23 05:00:00,0.0,78.38,scattered clouds,6.83,97.05,17.02,16.82,12.15,1119528.65
2024-11-23 06:00:00,0.02,51.77,moderate rain,4.68,67.28,13.88,7.7,26.93,911931.4
2024-11-23 07:00:00,0.01,83.09,light rain,9.49,73.04,12.67,16.57,24.38,834367.91
2024-11-23 08:00:00,0.06,64.72,light rain,8.76,73.46,76.18,64.76,48.91,5009307.98
2024-11-23 09:00:00,0.2,75.59,overcast clouds,7.91,66.07,70.98,48.53,73.51,4664111.46
2024-11-23 10:00:00,0.23,89.84,overcast clouds,4.51,79.31,55.8,64.29,54.83,3673125.64
2024-11-23 11:00:00,0.0,83.58,scattered clouds,8.9,79.83,85.84,52.26,57.82,5638733.63
2024-11-23 12:00:00,0.01,92.64,overcast clouds,4.68,80.96,57.11,67.75,60.98,3760114.39
2024-11-23 13:00:00,0.03,97.16,light rain,4.26,69.76,50.97,40.82,85.84,3351022.93
2024-11-23 14:00:00,0.12,76.45,clear sky,7.53,86.78,42.82,65.59,72.68,2822951.5
2024-11-23 15:00:00,0.0,74.53,overcast clouds,9.15,72.29,26.79,69.23,103.71,1773829.61
2024-11-23 16:00:00,0.05,79.36,overcast clouds,5.38,87.3,77.45,48.2,48.41,5088270.51
2024-11-23 17:00:00,0.05,88.64,overcast clouds,6.57,82.05,14.07,9.78,29.82,924556.58
2024-11-23 18:00:00,0.61,49.43,scattered clouds,9.22,78.56,20.81,10.75,19.58,1366763.74
2024-11-23 19:00:00,0.05,68.14,overcast clouds,3.7,82.26,4.79,15.35,15.99,317668.8
2024-11-23 20:00:00,0.03,77.41,overcast clouds,4.57,83.85,9.17,9.01,20.84,603367.1
2024-11-23 21:00:00,0.02,94.33,scattered clouds,6.4,55.62,9.95,13.4,20.14,655516.62
2024-11-23 22:00:00,0.11,69.47,scattered clouds,8.18,77.95,13.41,12.62,23.91,882051.68
2024-11-23 23:00:00,0.04,90.79,clear sky,12.48,75.04,12.53,20.92,13.29,826553.15
2024-11-24 00:00:00,0.08,85.71,overcast clouds,6.4,66.73,2.26,9.07,16.05,150660.95
2024-11-24 01:00:00,0.06,83.17,scattered clouds,10.43,85.86,7.12,5.09,17.35,467934.66
2024-11-24 02:00:00,0.01,78.62,moderate rain,6.9,70.12,7.57,7.62,17.13,497968.95
2024-11-24 03:00:00,0.09,70.95,overcast clouds,6.85,95.18,7.44,16.83,17.41,491936.74
2024-11-24 04:00:00,0.29,100.0,scattered clouds,10.8,78.64,14.96,14.39,20.76,983968.44
2024-11-24 05:00:00,0.28,46.15,moderate rain,7.13,74.45,8.94,16.88,14.3,590138.61
2024-11-24 06:00:00,0.03,65.22,overcast clouds,9.79,78.61,16.09,12.73,34.92,1057969.39
2024-11-24 07:00:00,0.3,71.4,overcast clouds,6.63,67.24,8.25,16.91,24.16,545125.25
2024-11-24 08:00:00,0.28,83.35,overcast clouds,8.54,89.51,48.77,79.94,63.44,3216851.4
2024-11-24 09:00:00,0.23,82.73,overcast clouds,6.41,83.82,35.7,53.67,57.34,2353133.49
2024-11-24 10:00:00,0.06,81.54,overcast clouds,2.24,79.37,49.72,76.02,60.45,3277645.06
2024-11-24 11:00:00,0.06,76.81,moderate rain,10.36,78.11,55.76,57.53,60.99,3669335.08
2024-11-24 12:00:00,0.04,60.07,overcast clouds,3.82,85.78,49.14,32.56,43.33,3228594.99
2024-11-24 13:00:00,0.01,75.51,scattered clouds,5.38,73.85,59.7,86.35,106.92,3934698.53
2024-11-24 14:00:00,0.06,59.4,scattered clouds,8.33,80.9,8.48,56.94,70.98,570571.23
2024-11-24 15:00:00,0.02,64.43,light rain,5.49,80.51,64.9,72.47,82.73,4271641.29
2024-11-24 16:00:00,0.02,57.51,scattered clouds,6.06,94.25,44.52,45.07,105.56,2929401.86
2024-11-24 17:00:00,0.05,74.43,overcast clouds,6.16,72.79,8.28,16.96,17.92,547287.54
2024-11-24 18:00:00,0.39,87.92,scattered clouds,8.3,77.12,11.76,17.32,17.12,775345.55
2024-11-24 19:00:00,0.09,54.2,overcast clouds,3.91,77.41,7.14,16.83,13.75,471973.46
2024-11-24 20:00:00,0.16,100.0,scattered clouds,2.88,87.24,4.3,17.14,17.02,286202.91
2024-11-24 21:00:00,0.2,52.18,moderate rain,3.32,87.09,8.98,23.02,25.3,594220.0
2024-11-24 22:00:00,0.01,61.07,moderate rain,-1.06,61.85,15.81,14.63,18.2,1039677.88
2024-11-24 23:00:00,0.12,63.13,overcast clouds,5.04,77.46,12.71,11.5,23.45,835845.78
2024-11-25 00:00:00,0.09,91.48,overcast clouds,10.3,95.21,0.38,25.4,18.83,31345.76
2024-11-25 01:00:00,0.06,66.87,light rain,5.01,90.19,6.06,12.79,23.97,400175.09
2024-11-25 02:00:00,0.22,64.94,scattered clouds,4.73,72.37,11.89,16.05,15.59,783569.58
2024-11-25 03:00:00,0.14,89.26,scattered clouds,2.01,74.65,1.9,14.98,25.51,128081.96
2024-11-25 04:00:00,0.06,80.26,moderate rain,8.93,76.4,3.54,15.32,23.49,235725.79
2024-11-25 05:00:00,0.27,57.03,overcast clouds,4.15,86.81,11.56,12.79,20.69,760875.45
2024-11-25 06:00:00,0.45,66.7,overcast clouds,7.31,75.75,5.91,14.86,17.83,391451.71
2024-11-25 07:00:00,0.11,67.25,overcast clouds,7.07,81.24,2.13,13.36,17.11,143315.22
2024-11-25 08:00:00,0.04,55.57,light rain,3.31,66.43,25.49,60.74,74.02,1686351.01
2024-11-25 09:00:00,0.12,76.96,moderate rain,2.84,79.66,57.09,61.28,59.46,3757184.42
2024-11-25 10:00:00,0.01,88.74,moderate rain,2.09,84.82,62.27,48.11,100.15,4093398.97
2024-11-25 11:00:00,0.06,69.64,overcast clouds,8.34,67.8,35.4,63.07,64.86,2336326.53
2024-11-25 12:00:00,0.11,65.35,overcast clouds,5.02,73.29,57.36,73.24,78.08,3777706.33
2024-11-25 13:00:00,0.26,81.74,overcast clouds,4.03,68.17,49.47,67.11,87.6,3259175.84
2024-11-25 14:00:00,0.07,57.24,scattered clouds,2.69,66.25,15.22,77.55,73.97,1017535.97
2024-11-25 15:00:00,0.01,79.6,scattered clouds,5.46,90.05,58.36,62.94,99.51,3840809.56
2024-11-25 16:00:00,0.09,91.69,light rain,5.59,79.87,43.67,67.3,59.61,2879255.63
2024-11-25 17:00:00,0.02,68.07,light rain,10.98,81.63,13.31,10.59,15.9,874865.42
2024-11-25 18:00:00,0.17,93.26,scattered clouds,7.31,61.09,10.65,17.37,21.31,702163.4
2024-11-25 19:00:00,0.0,75.16,scattered clouds,5.38,77.21,18.97,22.45,17.38,1248806.69
2024-11-25 20:00:00,0.07,82.65,overcast clouds,10.85,64.73,9.81,12.8,23.12,645965.72
2024-11-25 21:00:00,0.02,87.63,overcast clouds,5.48,83.24,14.09,20.03,6.85,928304.3
2024-11-25 22:00:00,0.11,72.79,scattered clouds,7.72,81.06,6.78,14.31,11.5,448103.82
2024-11-25 23:00:00,0.0,84.11,scattered clouds,3.1,82.82,14.69,10.77,20.44,965658.64
2024-11-26 00:00:00,0.27,89.41,light rain,4.16,64.6,9.42,14.57,14.79,621258.98
2024-11-26 01:00:00,0.02,90.06,light rain,5.28,79.82,7.39,13.69,25.97,487928.74
2024-11-26 02:00:00,0.3,76.25,overcast clouds,9.19,96.92,5.2,20.89,21.28,345885.71
2024-11-26 03:00:00,0.08,73.19,scattered clouds,4.2,70.73,13.4,14.91,24.25,882000.18
2024-11-26 04:00:00,0.14,96.9,light rain,1.5,66.51,17.15,15.63,11.08,1127728.84
2024-11-26 05:00:00,0.17,78.51,overcast clouds,2.14,81.16,2.77,16.86,23.0,186056.86
2024-11-26 06:00:00,0.01,96.66,scattered clouds,1.47,73.49,8.53,14.71,15.4,562593.07
2024-11-26 07:00:00,0.01,87.91,light rain,7.39,80.76,13.82,13.67,23.46,909063.85
2024-11-26 08:00:00,0.0,85.39,overcast clouds,5.17,79.08,62.06,48.37,56.5,4079331.17
2024-11-26 09:00:00,0.09,83.28,overcast clouds,7.05,73.59,48.61,65.76,85.94,3202549.02
2024-11-26 10:00:00,0.08,88.77,overcast clouds,3.74,90.31,76.87,30.88,64.81,5045956.26
2024-11-26 11:00:00,0.18,70.23,overcast clouds,-1.98,79.07,58.16,73.33,59.0,3830177.46
2024-11-26 12:00:00,0.05,80.18,scattered clouds,7.57,73.47,34.82,55.88,58.59,2296225.29
2024-11-26 13:00:00,0.34,54.82,overcast clouds,2.58,64.65,45.87,42.56,69.71,3016864.82
2024-11-26 14:00:00,0.2,73.81,scattered clouds,4.26,64.37,41.3,92.99,60.42,2730808.57
2024-11-26 15:00:00,0.14,72.75,overcast clouds,4.24,90.17,44.2,50.16,61.09,2909718.21
2024-11-26 16:00:00,0.03,81.0,moderate rain,5.08,77.91,47.52,65.39,47.28,3130784.17
2024-11-26 17:00:00,0.08,57.41,overcast clouds,6.28,83.41,19.3,14.58,23.06,1268506.46
2024-11-26 18:00:00,0.02,75.6,moderate rain,6.98,88.87,8.31,19.78,15.01,549387.18
2024-11-26 19:00:00,0.08,90.03,scattered clouds,1.01,81.19,9.19,15.63,15.49,606090.25
2024-11-26 20:00:00,0.19,68.67,scattered clouds,1.15,77.37,5.15,13.36,26.26,340856.1
2024-11-26 21:00:00,0.2,83.15,overcast clouds,5.23,85.42,2.58,16.83,17.66,173269.03
2024-11-26 22:00:00,0.06,51.09,overcast clouds,5.63,86.17,10.85,10.99,25.21,713907.88
2024-11-26 23:00:00,0.06,73.2,overcast clouds,7.43,78.38,2.01,19.54,24.44,136515.49
2024-11-27 00:00:00,0.23,72.79,scattered clouds,6.5,91.21,3.94,8.56,11.22,260412.18
2024-11-27 01:00:00,0.09,89.87,moderate rain,2.54,86.06,3.17,6.4,20.37,209122.01
2024-11-27 02:00:00,0.07,76.83,clear sky,0.26,79.79,1.57,19.18,22.58,108045.62
2024-11-27 03:00:00,0.16,92.96,overcast clouds,6.45,90.89,4.91,20.34,13.19,326706.71
2024-11-27 04:00:00,0.04,55.59,scattered clouds,8.08,78.34,4.7,12.18,23.87,311341.98
2024-11-27 05:00:00,0.18,100.0,scattered clouds,4.26,85.02,8.22,15.1,23.18,542808.15
2024-11-27 06:00:00,0.01,48.81,overcast clouds,5.79,72.8,7.69,17.45,21.83,508670.53
2024-11-27 07:00:00,0.0,70.05,overcast clouds,6.85,95.29,10.84,15.15,12.4,714105.16
2024-11-27 08:00:00,0.21,80.7,moderate rain,9.22,93.96,34.21,4.55,55.42,2242911.28
2024-11-27 09:00:00,0.03,97.02,light rain,6.49,71.64,20.82,57.62,54.03,1379164.02
2024-11-27 10:00:00,0.09,83.53,clear sky,0.32,50.41,74.26,22.3,83.03,4872426.33
2024-11-27 11:00:00,0.03,71.85,overcast clouds,7.23,59.01,80.79,63.8,79.29,5310898.74
2024-11-27 12:00:00,0.07,82.27,light rain,-0.53,64.79,78.66,85.46,97.1,5176821.45
2024-11-27 13:00:00,0.01,80.91,overcast clouds,2.45,85.3,49.41,36.48,88.6,3247273.08
2024-11-27 14:00:00,0.1,81.19,scattered clouds,4.32,72.78,72.75,59.63,97.42,4782903.94
2024-11-27 15:00:00,0.02,71.69,overcast clouds,5.35,92.77,78.6,50.58,75.16,5164176.1
2024-11-27 16:00:00,0.03,60.4,scattered clouds,3.66,94.92,58.65,50.45,39.73,3856501.39
2024-11-27 17:00:00,0.08,79.77,light rain,1.59,90.34,14.08,13.04,26.73,926064.37
2024-11-27 18:00:00,0.15,91.32,overcast clouds,14.67,75.07,14.66,15.03,13.76,964457.29
2024-11-27 19:00:00,0.13,47.75,light rain,7.34,84.0,15.92,18.98,16.19,1048491.0
2024-11-27 20:00:00,0.11,79.56,light rain,4.05,70.65,11.16,11.9,20.26,734582.98
2024-11-27 21:00:00,0.03,80.75,light rain,2.63,95.3,15.97,20.6,24.75,1051994.97
2024-11-27 22:00:00,0.0,75.93,clear sky,1.68,92.01,10.01,15.12,17.03,659997.19
2024-11-27 23:00:00,0.06,59.63,overcast clouds,6.67,74.83,18.84,20.07,27.62,1239704.74
2024-11-28 00:00:00,0.01,100.0,overcast clouds,4.06,74.13,16.91,13.33,21.42,1111623.67
2024-11-28 01:00:00,0.04,85.37,overcast clouds,10.08,68.3,10.19,9.23,17.2,670498.05
2024-11-28 02:00:00,0.03,54.58,overcast clouds,2.76,84.86,-1.29,16.36,16.81,-80172.24
2024-11-28 03:00:00,0.03,73.68,scattered clouds,3.96,93.2,3.93,24.56,21.43,263891.5
2024-11-28 04:00:00,0.04,71.28,overcast clouds,8.07,68.18,8.17,11.22,18.79,538001.09
2024-11-28 05:00:00,0.05,65.71,light rain,4.6,70.99,8.95,6.08,10.5,587868.89
2024-11-28 06:00:00,0.02,59.72,scattered clouds,11.26,93.93,2.86,11.99,23.91,190713.81
2024-11-28 07:00:00,0.01,52.67,overcast clouds,6.4,85.31,8.77,12.85,23.97,578366.29
2024-11-28 08:00:00,0.13,99.92,light rain,6.15,88.27,99.46,36.03,66.4,6527548.22
2024-11-28 09:00:00,0.2,88.3,light rain,7.43,73.19,76.85,65.01,37.47,5053108.94
2024-11-28 10:00:00,0.06,72.67,overcast clouds,9.18,95.41,64.61,77.62,60.09,4254097.63
2024-11-28 11:00:00,0.11,76.97,clear sky,7.81,73.49,62.43,77.95,113.03,4111175.09
2024-11-28 12:00:00,0.12,97.94,clear sky,4.94,87.25,57.39,95.19,65.21,3785420.85
2024-11-28 13:00:00,0.08,50.39,clear sky,4.97,80.35,27.96,53.74,47.91,1845943.11
2024-11-28 14:00:00,0.25,72.28,overcast clouds,3.29,70.73,68.89,38.39,89.92,4524861.98
2024-11-28 15:00:00,0.03,94.13,moderate rain,9.83,88.88,71.84,96.8,39.33,4732853.22
2024-11-28 16:00:00,0.07,97.89,overcast clouds,12.68,77.07,41.51,82.56,45.59,2741306.36
2024-11-28 17:00:00,0.09,89.05,light rain,12.56,86.7,5.45,11.72,15.3,360179.8
2024-11-28 18:00:00,0.13,94.05,overcast clouds,5.71,81.4,16.21,15.59,21.62,1066618.48
2024-11-28 19:00:00,0.01,58.48,overcast clouds,9.92,64.37,15.67,13.98,20.9,1030255.15
2024-11-28 20:00:00,0.02,88.43,overcast clouds,3.56,81.28,6.94,12.65,14.93,457956.97
2024-11-28 21:00:00,0.04,83.08,scattered clouds,4.7,71.44,2.35,18.46,19.84,159020.15
2024-11-28 22:00:00,0.01,56.84,light rain,5.4,61.57,6.37,13.78,13.44,421146.53
2024-11-28 23:00:00,0.12,74.04,overcast clouds,4.53,78.16,7.08,15.54,22.18,467908.28
2024-11-29 00:00:00,0.18,80.88,overcast clouds,2.38,89.63,11.48,19.07,15.97,757558.65
2024-11-29 01:00:00,0.05,80.95,moderate rain,3.03,75.86,12.59,11.35,22.27,827798.06
2024-11-29 02:00:00,0.14,62.59,scattered clouds,6.64,79.74,2.45,19.66,24.49,165647.59
2024-11-29 03:00:00,0.03,97.81,overcast clouds,-0.14,78.5,9.43,9.71,19.61,620527.28
2024-11-29 04:00:00,0.02,71.1,overcast clouds,9.55,69.77,9.45,9.7,16.15,621512.38
2024-11-29 05:00:00,0.09,67.84,moderate rain,5.36,89.28,14.32,11.19,18.31,941420.16
2024-11-29 06:00:00,0.05,68.16,clear sky,5.48,77.27,7.91,9.84,19.39,520759.6
2024-11-29 07:00:00,0.05,92.57,overcast clouds,10.23,76.1,-4.14,8.74,18.13,-268801.34
2024-11-29 08:00:00,0.11,87.58,moderate rain,4.48,69.07,25.58,75.1,94.66,1695855.3
2024-11-29 09:00:00,0.03,89.66,light rain,4.14,82.76,12.75,51.24,67.84,848862.91
2024-11-29 10:00:00,0.15,86.37,clear sky,5.8,84.1,59.82,66.55,60.4,3937253.43
2024-11-29 11:00:00,0.11,76.33,clear sky,5.72,66.4,62.72,41.97,76.13,4121036.91
2024-11-29 12:00:00,0.02,81.43,overcast clouds,6.57,71.97,72.54,68.24,87.29,4771837.68
2024-11-29 13:00:00,0.0,64.35,light rain,3.02,84.01,42.1,68.34,72.29,2776434.54
2024-11-29 14:00:00,0.06,68.83,moderate rain,6.21,90.72,68.44,61.52,86.52,4500892.48
2024-11-29 15:00:00,0.0,67.9,light rain,9.33,84.04,79.72,57.31,70.17,5239237.91
2024-11-29 16:00:00,0.11,91.08,overcast clouds,7.89,82.33,24.39,70.82,91.55,1616885.04
2024-11-29 17:00:00,0.03,72.33,moderate rain,2.34,92.85,15.99,19.64,12.17,1052849.78
2024-11-29 18:00:00,0.29,88.57,overcast clouds,2.79,100.0,15.72,16.2,18.65,1034443.12
2024-11-29 19:00:00,0.03,53.49,light rain,5.92,70.95,-4.22,18.97,15.03,-271753.23
2024-11-29 20:00:00,0.02,76.67,overcast clouds,6.29,79.34,4.3,10.61,29.76,284755.12
2024-11-29 21:00:00,0.07,89.12,overcast clouds,4.03,84.39,15.08,15.15,27.85,992274.63
2024-11-29 22:00:00,0.07,81.64,scattered clouds,2.07,72.1,5.76,16.85,26.08,382021.22
2024-11-29 23:00:00,0.03,79.28,clear sky,5.7,91.47,10.56,20.48,20.78,697503.98
2024-11-30 00:00:00,0.02,72.48,clear sky,6.26,78.8,9.79,9.05,26.26,643929.41
2024-11-30 01:00:00,0.02,76.7,scattered clouds,6.6,76.93,19.47,13.33,19.51,1279368.18
2024-11-30 02:00:00,0.2,83.45,light rain,5.88,78.97,5.38,22.51,17.62,358053.16
2024-11-30 03:00:00,0.05,70.59,clear sky,7.61,67.94,3.56,21.55,15.5,238529.61
2024-11-30 04:00:00,0.09,71.93,overcast clouds,6.54,77.18,3.52,8.2,17.36,233007.77
2024-11-30 05:00:00,0.14,62.2,scattered clouds,5.23,84.04,9.42,16.63,15.59,621902.79
2024-11-30 06:00:00,0.12,65.34,overcast clouds,7.54,75.92,3.5,14.69,22.17,232843.34
2024-11-30 07:00:00,0.01,49.48,scattered clouds,7.39,84.19,7.16,23.25,25.05,475364.48
2024-11-30 08:00:00,0.14,78.43,overcast clouds,6.99,68.3,71.38,93.34,65.35,4701776.42
2024-11-30 09:00:00,0.03,60.56,overcast clouds,10.41,96.83,35.27,65.12,75.3,2327946.0
2024-11-30 10:00:00,0.08,88.0,light rain,8.04,65.13,35.3,73.19,104.24,2332006.53
2024-11-30 11:00:00,0.23,70.97,overcast clouds,10.26,60.2,53.76,70.47,76.94,3541375.28
2024-11-30 12:00:00,0.01,88.01,overcast clouds,9.71,99.27,84.1,44.09,37.23,5522585.31
2024-11-30 13:00:00,0.01,100.0,overcast clouds,6.38,81.67,51.71,54.96,96.79,3403150.93
2024-11-30 14:00:00,0.02,79.41,light rain,1.79,62.52,66.56,74.42,45.7,4381134.36
2024-11-30 15:00:00,0.13,63.12,overcast clouds,8.48,85.41,51.85,42.38,67.94,3409199.32
2024-11-30 16:00:00,0.03,64.12,scattered clouds,4.65,100.0,54.71,45.38,92.04,3597141.62
2024-11-30 17:00:00,0.25,45.56,clear sky,3.75,63.05,9.63,5.96,23.88,632693.52
2024-11-30 18:00:00,0.36,89.14,moderate rain,5.71,86.05,5.24,14.55,26.97,346981.97
2024-11-30 19:00:00,0.2,90.89,moderate rain,2.16,86.51,3.06,17.95,21.84,204938.66
2024-11-30 20:00:00,0.02,67.11,overcast clouds,7.22,77.86,10.1,14.0,20.8,665214.1
2024-11-30 21:00:00,0.0,82.57,overcast clouds,2.86,78.05,11.17,21.27,23.55,737453.42
2024-11-30 22:00:00,0.08,47.11,overcast clouds,8.46,84.76,13.47,11.57,21.32,886017.13
2024-11-30 23:00:00,0.18,73.52,moderate rain,5.47,74.16,13.23,17.08,12.49,871221.38
2024-12-01 00:00:00,0.34,70.08,overcast clouds,3.5,70.97,15.43,14.29,18.84,1014998.13
2024-12-01 01:00:00,0.0,41.3,moderate rain,4.8,79.75,12.16,12.25,31.02,800046.6
2024-12-01 02:00:00,0.09,92.93,light rain,4.33,66.24,6.98,14.46,21.18,460963.84
2024-12-01 03:00:00,0.01,81.81,scattered clouds,6.62,83.04,1.64,21.06,31.57,112972.33
2024-12-01 04:00:00,0.01,67.06,overcast clouds,9.0,77.81,6.15,14.27,22.25,406988.03
2024-12-01 05:00:00,0.13,85.22,light rain,6.22,70.69,6.55,4.76,14.31,430562.29
2024-12-01 06:00:00,0.06,97.92,overcast clouds,9.89,90.99,12.05,16.76,12.63,793799.43
2024-12-01 07:00:00,0.06,69.91,overcast clouds,6.89,85.14,23.34,13.47,26.85,1532857.5
2024-12-01 08:00:00,0.15,65.93,overcast clouds,11.51,76.95,72.12,56.16,45.52,4740945.98
2024-12-01 09:00:00,0.02,81.08,light rain,4.74,78.84,43.79,93.51,51.71,2893925.83
2024-12-01 10:00:00,0.1,81.42,clear sky,7.96,70.0,63.87,77.96,82.31,4205879.95
2024-12-01 11:00:00,0.04,76.72,scattered clouds,8.21,91.04,68.17,74.32,81.99,4486990.67
2024-12-01 12:00:00,0.01,100.0,light rain,5.16,99.05,62.47,36.92,79.99,4103695.92
2024-12-01 13:00:00,0.0,63.48,scattered clouds,11.37,87.81,48.17,68.19,71.88,3174245.54
2024-12-01 14:00:00,0.16,80.35,clear sky,5.21,81.22,31.66,22.72,39.56,2080935.06
2024-12-01 15:00:00,0.09,76.01,light rain,9.15,100.0,67.05,66.59,59.67,4411342.22
2024-12-01 16:00:00,0.0,88.33,overcast clouds,6.53,77.92,43.29,76.1,79.73,2856732.74
2024-12-01 17:00:00,0.17,68.63,light rain,8.18,70.74,13.05,24.44,22.68,861679.34
2024-12-01 18:00:00,0.29,90.73,light rain,8.55,75.33,12.2,12.6,15.1,802534.85
2024-12-01 19:00:00,0.04,65.39,scattered clouds,4.88,64.58,12.64,13.09,19.5,832049.51
2024-12-01 20:00:00,0.0,59.2,scattered clouds,4.48,57.29,1.78,25.88,24.29,122985.68
2024-12-01 21:00:00,0.21,71.97,light rain,2.94,71.88,10.1,8.49,23.21,663916.85
2024-12-01 22:00:00,0.34,60.45,moderate rain,7.88,87.24,7.25,15.62,24.36,478918.7
2024-12-01 23:00:00,0.02,75.0,overcast clouds,1.62,82.94,14.77,15.01,19.35,971793.55
2024-12-02 00:00:00,0.04,90.16,clear sky,3.42,88.86,9.1,13.12,23.87,599857.17
2024-12-02 01:00:00,0.26,69.33,light rain,14.09,88.08,8.79,18.21,17.83,580484.24
2024-12-02 02:00:00,0.26,77.99,clear sky,0.81,82.5,5.68,13.47,24.01,375646.64
2024-12-02 03:00:00,0.39,73.96,scattered clouds,8.88,77.21,0.88,8.26,21.52,59949.89
2024-12-02 04:00:00,0.07,77.68,clear sky,9.68,69.07,5.32,16.45,21.13,352719.15
2024-12-02 05:00:00,0.04,65.9,scattered clouds,7.6,88.68,12.54,23.89,15.29,828002.36
2024-12-02 06:00:00,0.3,83.15,overcast clouds,9.63,95.67,9.76,20.05,22.31,645039.61
2024-12-02 07:00:00,0.01,48.03,moderate rain,3.51,82.78,12.8,16.1,22.96,843140.11
2024-12-02 08:00:00,0.04,68.79,light rain,0.73,72.87,63.08,71.05,77.73,4152401.87
2024-12-02 09:00:00,0.02,65.31,scattered clouds,3.43,83.86,54.29,61.11,59.41,3573863.46
2024-12-02 10:00:00,0.17,55.56,scattered clouds,1.85,87.24,68.23,48.61,64.95,4483808.77
2024-12-02 11:00:00,0.06,85.11,clear sky,11.26,86.47,-18.88,64.11,87.74,-1220629.06
2024-12-02 12:00:00,0.04,56.86,light rain,4.92,82.74,49.36,92.95,66.91,3258893.73
2024-12-02 13:00:00,0.01,56.83,clear sky,6.78,91.08,22.77,40.66,39.01,1502704.21
2024-12-02 14:00:00,0.03,67.96,light rain,4.31,71.6,42.99,37.6,83.18,2827409.59
2024-12-02 15:00:00,0.07,59.66,light rain,7.34,95.06,54.12,49.49,39.29,3559676.7
2024-12-02 16:00:00,0.0,47.14,light rain,4.79,68.18,45.0,54.28,50.87,2962979.06
2024-12-02 17:00:00,0.16,47.38,moderate rain,4.62,82.46,9.97,3.4,10.97,654492.61
2024-12-02 18:00:00,0.11,81.49,clear sky,3.57,70.68,12.66,21.1,17.55,835390.59
2024-12-02 19:00:00,0.24,62.92,moderate rain,4.47,64.69,4.57,14.66,15.07,303265.76
2024-12-02 20:00:00,0.18,47.41,scattered clouds,5.55,81.3,14.92,9.93,31.41,980325.57
2024-12-02 21:00:00,0.09,98.03,overcast clouds,3.85,93.43,8.87,18.7,23.05,586164.64
2024-12-02 22:00:00,0.03,69.19,moderate rain,4.42,63.98,19.29,17.87,18.96,1268820.79
2024-12-02 23:00:00,0.01,60.31,light rain,8.11,84.18,16.81,25.45,16.23,1108171.79
2024-12-03 00:00:00,0.05,97.14,clear sky,-0.12,98.5,14.27,14.65,27.43,939168.53
2024-12-03 01:00:00,0.04,75.71,light rain,7.12,84.6,15.54,17.17,23.02,1022796.25
2024-12-03 02:00:00,0.32,97.82,overcast clouds,12.4,94.36,11.99,13.04,15.63,789016.96
2024-12-03 03:00:00,0.13,91.77,overcast clouds,9.18,86.09,16.92,14.92,20.69,1112482.3
2024-12-03 04:00:00,0.01,62.41,scattered clouds,8.16,86.24,0.13,16.54,18.84,12941.1
2024-12-03 05:00:00,0.08,69.52,overcast clouds,2.9,66.63,19.22,11.18,27.39,1262607.05
2024-12-03 06:00:00,0.16,94.29,overcast clouds,7.32,76.34,9.93,22.44,20.89,656478.7
2024-12-03 07:00:00,0.12,66.86,overcast clouds,6.18,71.63,6.83,17.0,12.6,452049.51
2024-12-03 08:00:00,0.03,66.39,overcast clouds,9.85,75.1,31.81,87.59,64.12,2107183.7
2024-12-03 09:00:00,0.04,73.16,moderate rain,7.56,70.14,63.86,51.63,39.9,4198592.74
2024-12-03 10:00:00,0.23,62.18,light rain,4.58,57.24,44.22,64.38,74.36,2914822.56
2024-12-03 11:00:00,0.01,71.52,moderate rain,5.68,100.0,47.97,54.59,79.72,3158053.86
2024-12-03 12:00:00,0.04,85.32,overcast clouds,9.69,77.66,58.88,55.6,63.61,3872860.61
2024-12-03 13:00:00,0.04,84.79,light rain,0.98,85.89,53.7,26.68,73.86,3525890.98
2024-12-03 14:00:00,0.14,81.85,overcast clouds,4.21,91.15,59.72,59.83,96.09,3929465.98
2024-12-03 15:00:00,0.03,66.47,overcast clouds,3.04,76.96,74.86,39.81,70.69,4916148.87
2024-12-03 16:00:00,0.1,54.63,overcast clouds,3.59,69.48,11.58,50.25,57.15,771556.93
2024-12-03 17:00:00,0.07,84.01,overcast clouds,5.32,79.38,11.0,16.92,25.35,725003.15
2024-12-03 18:00:00,0.15,75.14,clear sky,5.95,79.01,6.28,25.45,20.62,417822.22
2024-12-03 19:00:00,0.02,75.63,scattered clouds,5.58,89.86,13.66,19.1,20.73,900378.49
2024-12-03 20:00:00,0.29,73.66,scattered clouds,7.1,61.94,14.41,16.84,13.32,948973.2
2024-12-03 21:00:00,0.08,98.36,overcast clouds,2.2,76.73,12.29,11.49,24.85,808730.33
2024-12-03 22:00:00,0.05,70.44,overcast clouds,4.45,91.83,9.01,17.54,19.91,595154.82
2024-12-03 23:00:00,0.14,100.0,light rain,2.68,76.23,9.43,12.28,15.61,620941.21
2024-12-04 00:00:00,0.05,66.59,light rain,7.05,70.32,16.86,10.79,23.83,1107498.97
2024-12-04 01:00:00,0.42,82.7,overcast clouds,0.63,80.0,21.58,24.43,21.68,1420819.25
2024-12-04 02:00:00,0.08,77.36,overcast clouds,5.41,92.57,2.53,15.23,15.55,169809.34
2024-12-04 03:00:00,0.03,92.74,scattered clouds,3.47,87.73,8.82,15.06,24.47,582060.02
2024-12-04 04:00:00,0.19,98.63,light rain,6.84,55.47,15.41,8.71,9.88,1011921.74
2024-12-04 05:00:00,0.11,60.85,clear sky,-0.48,82.76,12.66,17.52,21.78,833969.55
2024-12-04 06:00:00,0.17,97.9,clear sky,6.2,65.49,17.68,18.52,21.79,1163238.13
2024-12-04 07:00:00,0.03,53.77,scattered clouds,10.39,89.41,19.35,14.54,18.4,1271876.6
2024-12-04 08:00:00,0.02,31.18,overcast clouds,12.0,76.81,63.74,70.42,66.79,4195550.63
2024-12-04 09:00:00,0.01,64.43,scattered clouds,0.64,74.61,44.06,8.73,82.11,2890127.44
2024-12-04 10:00:00,0.23,100.0,scattered clouds,6.9,72.34,46.03,83.65,85.47,3038195.09
2024-12-04 11:00:00,0.31,100.0,clear sky,7.5,70.76,93.57,95.78,101.44,6156753.65
2024-12-04 12:00:00,0.16,75.1,overcast clouds,7.22,82.92,38.33,40.06,43.25,2522467.05
2024-12-04 13:00:00,0.14,100.0,scattered clouds,10.56,68.48,45.03,68.79,37.62,2968929.15
2024-12-04 14:00:00,0.0,72.69,scattered clouds,4.99,84.85,29.67,54.85,63.65,1958237.12
2024-12-04 15:00:00,0.27,70.37,overcast clouds,13.14,65.21,79.57,44.22,45.56,5226186.79
2024-12-04 16:00:00,0.16,78.26,overcast clouds,6.07,73.26,57.28,49.05,77.53,3766339.86
2024-12-04 17:00:00,0.16,68.41,overcast clouds,8.52,80.66,-3.0,15.74,18.55,-192602.52
2024-12-04 18:00:00,0.21,98.18,scattered clouds,6.62,86.44,11.71,18.71,17.57,772503.47
2024-12-04 19:00:00,0.01,67.53,scattered clouds,5.17,86.13,6.85,16.17,16.24,452896.69
2024-12-04 20:00:00,0.01,49.65,scattered clouds,11.41,82.02,6.03,25.76,15.41,402011.18
2024-12-04 21:00:00,0.03,81.55,scattered clouds,2.25,65.48,7.52,15.93,16.09,497029.33
2024-12-04 22:00:00,0.03,96.92,moderate rain,6.74,70.55,3.19,16.1,23.59,213231.76
2024-12-04 23:00:00,0.3,75.96,overcast clouds,11.79,80.56,16.24,14.1,20.43,1068231.96
2024-12-05 00:00:00,0.21,54.1,overcast clouds,9.44,66.83,12.2,10.67,28.11,802127.05
2024-12-05 01:00:00,0.08,98.14,clear sky,0.97,86.1,18.9,10.32,26.14,1241083.25
2024-12-05 02:00:00,0.0,55.12,overcast clouds,8.92,75.72,11.8,14.54,15.32,777317.79
2024-12-05 03:00:00,0.02,91.67,scattered clouds,3.74,78.22,15.56,13.79,16.76,1023078.2
2024-12-05 04:00:00,0.07,76.98,overcast clouds,6.48,74.13,16.73,18.91,23.7,1101176.12
2024-12-05 05:00:00,0.29,86.05,scattered clouds,7.65,75.21,14.05,15.48,20.87,924700.28
2024-12-05 06:00:00,0.02,98.33,light rain,7.17,74.42,10.1,11.66,21.84,664614.56
2024-12-05 07:00:00,0.11,62.61,overcast clouds,9.59,74.99,13.17,11.36,20.96,865770.19
2024-12-05 08:00:00,0.02,71.25,light rain,6.26,81.76,44.8,47.8,45.46,2948103.66
2024-12-05 09:00:00,0.19,84.68,overcast clouds,11.41,75.16,53.93,27.98,57.27,3541495.5
2024-12-05 10:00:00,0.14,59.56,light rain,11.02,73.24,53.82,57.99,72.36,3541980.49
2024-12-05 11:00:00,0.02,82.73,overcast clouds,1.47,74.14,51.98,91.61,81.02,3430298.32
2024-12-05 12:00:00,0.34,56.52,overcast clouds,9.89,88.24,21.97,80.52,60.21,1460312.64
2024-12-05 13:00:00,0.16,75.06,clear sky,1.61,71.24,35.52,94.35,62.33,2352215.02
2024-12-05 14:00:00,0.25,75.83,moderate rain,9.02,81.14,34.7,45.39,63.55,2285761.71
2024-12-05 15:00:00,0.04,62.67,overcast clouds,2.05,78.7,73.26,53.51,80.12,4815179.34
2024-12-05 16:00:00,0.11,69.03,moderate rain,6.89,82.43,58.98,40.78,54.28,3876071.4
2024-12-05 17:00:00,0.04,44.67,scattered clouds,10.0,66.46,8.18,21.79,25.11,541363.19
2024-12-05 18:00:00,0.03,69.9,light rain,6.4,87.64,12.22,21.26,17.57,806495.62
2024-12-05 19:00:00,0.3,64.89,light rain,3.81,96.05,18.28,14.82,15.71,1201790.96
2024-12-05 20:00:00,0.04,66.28,clear sky,7.73,68.1,8.82,24.21,10.42,583952.79
2024-12-05 21:00:00,0.08,51.01,clear sky,6.54,89.56,17.0,22.52,14.58,1120196.71
2024-12-05 22:00:00,0.0,73.76,scattered clouds,7.81,86.01,0.82,16.81,25.18,57895.98
2024-12-05 23:00:00,0.02,86.02,light rain,0.94,73.13,11.66,7.1,11.64,765927.62
2024-12-06 00:00:00,0.05,78.36,overcast clouds,2.53,85.3,20.0,13.38,18.34,1314284.53
2024-12-06 01:00:00,0.58,84.13,moderate rain,7.07,77.47,1.56,15.59,27.79,106109.51
2024-12-06 02:00:00,0.1,58.48,overcast clouds,12.87,72.64,9.18,4.09,17.7,602668.75
2024-12-06 03:00:00,0.05,62.38,light rain,2.78,93.12,7.7,11.86,20.47,507572.8
2024-12-06 04:00:00,0.11,92.85,overcast clouds,10.83,82.14,12.28,17.69,17.6,809599.89
2024-12-06 05:00:00,0.23,59.87,light rain,8.35,77.43,6.58,16.18,19.08,435245.16
2024-12-06 06:00:00,0.02,88.76,scattered clouds,3.14,75.43,20.72,17.83,19.05,1362506.07
2024-12-06 07:00:00,0.09,89.63,overcast clouds,8.91,79.0,18.1,19.61,24.32,1191313.07
2024-12-06 08:00:00,0.05,80.13,light rain,5.73,75.29,62.56,46.66,96.53,4112229.65
2024-12-06 09:00:00,0.01,59.47,light rain,6.24,91.44,63.0,19.1,77.67,4133680.35
2024-12-06 10:00:00,0.05,75.22,overcast clouds,4.69,74.81,47.37,60.01,59.31,3119686.54
2024-12-06 11:00:00,0.03,68.17,clear sky,3.61,57.22,42.49,53.46,95.38,2798620.7
2024-12-06 12:00:00,0.45,100.0,overcast clouds,8.36,69.05,83.03,72.44,69.29,5459814.29
2024-12-06 13:00:00,0.05,84.21,overcast clouds,7.15,89.45,57.17,28.77,93.97,3754136.17
2024-12-06 14:00:00,0.09,81.29,scattered clouds,6.51,85.48,40.8,91.55,65.08,2697696.11
2024-12-06 15:00:00,0.22,99.17,clear sky,1.33,97.89,67.46,53.81,49.5,4434852.42
2024-12-06 16:00:00,0.22,99.03,overcast clouds,6.42,68.76,68.59,66.05,80.99,4512260.56
2024-12-06 17:00:00,0.02,57.99,overcast clouds,9.15,88.04,12.34,17.54,21.99,813541.29
2024-12-06 18:00:00,0.22,82.96,scattered clouds,6.26,94.02,7.22,13.03,21.76,476648.86
2024-12-06 19:00:00,0.04,67.34,moderate rain,6.61,89.97,12.83,22.4,20.62,846786.04
2024-12-06 20:00:00,0.11,82.48,overcast clouds,3.2,92.14,9.75,15.72,24.95,642807.82
2024-12-06 21:00:00,0.05,91.63,overcast clouds,4.62,80.18,8.12,14.3,21.91,535834.6
2024-12-06 22:00:00,0.02,100.0,light rain,3.53,87.9,6.43,24.61,27.83,427405.4
2024-12-06 23:00:00,0.06,66.72,overcast clouds,6.0,75.99,-1.56,16.73,17.8,-98140.23
2024-12-07 00:00:00,0.08,66.56,overcast clouds,7.67,99.24,8.68,20.85,12.73,574181.44
2024-12-07 01:00:00,0.29,82.14,overcast clouds,3.46,81.23,13.65,29.05,23.79,902055.51
2024-12-07 02:00:00,0.16,65.34,overcast clouds,4.21,77.08,10.35,20.29,25.47,683392.42
2024-12-07 03:00:00,0.19,55.36,overcast clouds,8.52,92.22,13.03,10.5,18.71,856520.3
2024-12-07 04:00:00,0.09,58.1,overcast clouds,11.03,86.52,10.17,9.42,23.22,668991.03
2024-12-07 05:00:00,0.16,70.83,overcast clouds,2.4,72.14,19.16,13.22,25.58,1259004.55
2024-12-07 06:00:00,0.05,85.86,overcast clouds,-2.18,86.14,1.83,21.07,19.34,125057.49
2024-12-07 07:00:00,0.02,55.37,light rain,9.93,81.48,16.63,19.61,25.2,1095075.95
2024-12-07 08:00:00,0.0,87.06,overcast clouds,3.19,72.43,68.57,101.64,75.95,4519704.5
2024-12-07 09:00:00,0.03,68.49,clear sky,5.08,85.54,70.69,51.0,88.59,4646192.04
2024-12-07 10:00:00,0.05,71.37,overcast clouds,9.11,77.82,4.73,44.64,41.82,321603.74
2024-12-07 11:00:00,0.12,94.96,scattered clouds,3.47,75.79,48.73,30.75,84.43,3201529.91
2024-12-07 12:00:00,0.02,73.72,overcast clouds,6.66,85.65,61.66,81.89,94.93,4062117.94
2024-12-07 13:00:00,0.13,85.54,scattered clouds,4.5,69.15,57.54,79.1,60.15,3791508.34
2024-12-07 14:00:00,0.01,63.55,light rain,2.84,91.13,29.04,23.51,53.84,1909371.52
2024-12-07 15:00:00,0.0,95.18,overcast clouds,5.36,69.4,45.47,71.73,66.67,2998442.41
2024-12-07 16:00:00,0.01,90.46,scattered clouds,6.23,65.24,29.44,44.09,71.55,1940973.09
2024-12-07 17:00:00,0.03,82.2,light rain,4.54,90.83,5.28,15.06,24.05,349720.57
2024-12-07 18:00:00,0.0,76.74,overcast clouds,10.42,97.6,12.14,13.44,19.41,798875.43
2024-12-07 19:00:00,0.0,77.41,scattered clouds,14.59,76.85,13.02,13.84,21.06,856812.85
2024-12-07 20:00:00,0.0,50.98,overcast clouds,3.05,55.57,1.73,9.02,18.67,115830.28
2024-12-07 21:00:00,0.25,91.03,scattered clouds,3.92,87.44,-1.03,17.61,19.15,-63025.55
2024-12-07 22:00:00,0.0,75.6,clear sky,8.36,87.46,8.92,9.55,24.07,586830.86
2024-12-07 23:00:00,0.04,76.34,clear sky,4.01,91.02,13.3,13.07,24.94,875146.99
2024-12-08 00:00:00,0.11,60.81,light rain,0.89,61.87,16.58,16.96,22.13,1090904.47
2024-12-08 01:00:00,0.08,46.01,overcast clouds,3.89,82.16,15.33,20.69,14.17,1010240.17
2024-12-08 02:00:00,0.02,71.15,overcast clouds,8.58,99.28,9.29,10.72,19.1,611397.09
2024-12-08 03:00:00,0.08,70.58,clear sky,2.84,77.47,7.59,18.39,14.04,501978.01
2024-12-08 04:00:00,0.27,80.3,clear sky,7.96,95.88,9.75,13.48,29.56,642342.44
2024-12-08 05:00:00,0.06,69.11,scattered clouds,3.81,73.78,3.98,15.55,23.95,264565.47
2024-12-08 06:00:00,0.07,45.43,clear sky,5.99,68.07,12.98,18.55,21.5,855323.42
2024-12-08 07:00:00,0.56,86.32,clear sky,5.31,77.65,13.7,11.36,23.75,900498.73
2024-12-08 08:00:00,0.01,80.33,overcast clouds,0.69,97.73,37.22,42.87,42.43,2450489.99
2024-12-08 09:00:00,0.04,83.48,overcast clouds,1.33,88.95,50.09,77.26,77.51,3302342.93
2024-12-08 10:00:00,0.03,87.07,overcast clouds,3.24,64.97,55.85,45.47,73.36,3671702.14
2024-12-08 11:00:00,0.1,53.37,overcast clouds,7.09,83.56,43.12,80.49,105.41,2846936.22
2024-12-08 12:00:00,0.04,66.57,overcast clouds,9.75,94.01,18.28,108.01,62.5,1225417.64
2024-12-08 13:00:00,0.03,60.44,overcast clouds,2.07,81.51,53.12,37.62,73.88,3490855.68
2024-12-08 14:00:00,0.05,42.83,overcast clouds,7.86,78.94,51.76,76.2,89.53,3411843.04
2024-12-08 15:00:00,0.05,81.48,moderate rain,14.18,74.3,-6.63,78.15,80.01,-414621.86
2024-12-08 16:00:00,0.15,51.84,light rain,8.26,75.82,77.82,85.2,78.54,5122131.7
2024-12-08 17:00:00,0.03,85.83,overcast clouds,3.22,73.71,5.88,13.27,18.67,389057.92
2024-12-08 18:00:00,0.01,77.29,overcast clouds,3.08,91.96,10.13,20.86,11.85,669547.26
2024-12-08 19:00:00,0.13,86.57,overcast clouds,4.23,89.42,9.37,22.14,13.25,619576.67
2024-12-08 20:00:00,0.18,78.18,clear sky,2.57,89.21,8.15,22.77,19.32,539665.88
2024-12-08 21:00:00,0.22,62.03,overcast clouds,5.68,78.57,4.65,17.02,15.28,309050.73
2024-12-08 22:00:00,0.29,100.0,clear sky,4.75,94.75,8.12,11.37,11.41,534910.63
2024-12-08 23:00:00,0.02,83.77,moderate rain,8.77,60.79,4.7,10.11,18.37,310397.15
2024-12-09 00:00:00,0.05,52.34,overcast clouds,1.9,84.21,4.66,26.79,28.16,312575.22
2024-12-09 01:00:00,0.04,59.74,moderate rain,1.74,68.58,14.51,20.52,14.52,956430.82
2024-12-09 02:00:00,0.04,76.0,overcast clouds,4.24,74.84,14.43,19.36,26.3,950756.94
2024-12-09 03:00:00,0.15,79.49,moderate rain,-5.51,77.75,7.87,20.42,20.13,520755.79
2024-12-09 04:00:00,0.02,88.39,moderate rain,9.21,87.19,9.35,13.19,19.97,615875.82
2024-12-09 05:00:00,0.07,63.77,light rain,7.25,81.68,11.02,16.22,20.24,726151.98
2024-12-09 06:00:00,0.01,80.32,overcast clouds,5.93,79.91,12.49,17.99,30.07,823023.41
2024-12-09 07:00:00,0.09,33.84,overcast clouds,1.7,72.09,13.28,14.13,22.91,874210.58
2024-12-09 08:00:00,0.01,61.78,overcast clouds,7.94,94.87,49.74,57.48,76.56,3274681.65
2024-12-09 09:00:00,0.08,69.4,overcast clouds,7.54,80.59,39.09,74.2,105.18,2580633.82
2024-12-09 10:00:00,0.12,54.17,moderate rain,3.5,90.8,22.3,36.02,70.94,1470790.62
2024-12-09 11:00:00,0.01,67.4,light rain,4.11,87.43,9.33,43.25,70.42,622315.95
2024-12-09 12:00:00,0.16,63.94,scattered clouds,14.61,79.05,62.17,67.08,84.09,4091555.66
2024-12-09 13:00:00,0.01,81.14,overcast clouds,4.32,95.73,42.86,62.87,59.76,2824743.67
2024-12-09 14:00:00,0.03,82.83,moderate rain,0.5,55.69,37.19,73.88,93.29,2456580.26
2024-12-09 15:00:00,0.01,69.76,moderate rain,0.29,88.74,81.76,83.59,70.89,5379493.09
2024-12-09 16:00:00,0.05,99.53,overcast clouds,2.95,67.45,65.25,53.62,101.47,4290106.12
2024-12-09 17:00:00,0.05,86.99,overcast clouds,4.87,79.32,9.25,16.45,15.14,610525.61
2024-12-09 18:00:00,0.07,56.17,overcast clouds,3.45,82.09,6.79,5.01,25.79,446456.68
2024-12-09 19:00:00,0.03,70.71,overcast clouds,2.75,67.81,15.16,16.7,24.65,997969.37
2024-12-09 20:00:00,0.17,82.7,scattered clouds,9.82,79.53,15.21,19.56,13.11,1001699.61
2024-12-09 21:00:00,0.07,69.41,scattered clouds,5.51,71.06,8.45,11.91,19.51,556583.55
2024-12-09 22:00:00,0.05,100.0,scattered clouds,-0.37,87.7,5.69,14.94,26.2,376563.47
2024-12-09 23:00:00,0.02,92.2,scattered clouds,3.36,75.79,11.7,8.99,18.27,768944.95
2024-12-10 00:00:00,0.17,81.35,clear sky,4.05,65.71,6.23,15.85,17.99,412211.4
2024-12-10 01:00:00,0.06,77.39,overcast clouds,10.96,71.19,8.28,13.68,15.86,546049.3
2024-12-10 02:00:00,0.0,95.92,overcast clouds,3.37,96.72,7.6,18.88,20.76,503029.65
2024-12-10 03:00:00,0.01,76.13,light rain,0.09,78.5,4.44,18.06,20.97,295595.83
2024-12-10 04:00:00,0.13,89.14,overcast clouds,9.37,95.02,12.93,14.84,8.3,851344.1
2024-12-10 05:00:00,0.0,54.78,overcast clouds,3.37,71.88,-0.14,13.64,26.5,-5646.34
2024-12-10 06:00:00,0.32,78.94,overcast clouds,3.55,72.01,2.55,14.9,10.66,171072.22
2024-12-10 07:00:00,0.07,86.86,overcast clouds,8.51,72.73,3.86,8.91,22.92,254964.9
2024-12-10 08:00:00,0.0,84.75,scattered clouds,5.27,80.54,60.72,23.52,74.62,3985574.83
2024-12-10 09:00:00,0.21,61.83,light rain,7.13,66.94,55.72,117.18,69.72,3681627.61
2024-12-10 10:00:00,0.21,61.46,overcast clouds,5.43,83.77,92.24,94.36,49.93,6069082.72
2024-12-10 11:00:00,0.03,70.6,overcast clouds,11.55,92.29,41.21,67.06,77.59,2717703.39
2024-12-10 12:00:00,0.13,76.66,clear sky,5.56,93.54,56.57,30.73,83.27,3715061.14
2024-12-10 13:00:00,0.01,55.9,overcast clouds,7.35,77.99,47.71,74.96,83.1,3146013.63
2024-12-10 14:00:00,0.01,58.47,overcast clouds,0.16,82.54,69.94,62.31,77.28,4599624.42
2024-12-10 15:00:00,0.24,76.92,moderate rain,3.64,60.34,61.77,58.78,42.36,4063344.47
2024-12-10 16:00:00,0.14,93.04,moderate rain,4.59,58.02,63.04,84.82,63.06,4153229.53
2024-12-10 17:00:00,0.0,70.22,overcast clouds,8.11,77.17,-1.66,16.86,21.77,-104152.34
2024-12-10 18:00:00,0.07,100.0,overcast clouds,4.02,84.22,11.91,18.21,9.51,785533.58
2024-12-10 19:00:00,0.06,78.37,overcast clouds,11.55,79.45,11.65,17.05,14.41,768114.14
2024-12-10 20:00:00,0.0,81.97,moderate rain,6.59,72.93,10.88,15.48,27.95,717186.16
2024-12-10 21:00:00,0.03,78.58,light rain,12.26,75.73,17.68,19.5,22.79,1163505.24
2024-12-10 22:00:00,0.1,75.64,overcast clouds,4.36,75.11,10.16,6.19,23.17,667346.21
2024-12-10 23:00:00,0.08,97.58,clear sky,6.28,73.51,14.98,14.12,10.89,985299.58
2024-12-11 00:00:00,0.36,68.96,overcast clouds,7.28,83.11,17.44,14.52,16.6,1146489.88
2024-12-11 01:00:00,0.14,99.86,overcast clouds,4.85,64.74,15.44,18.07,23.96,1016514.44
2024-12-11 02:00:00,0.27,65.94,scattered clouds,7.02,83.67,10.78,16.28,23.03,710858.34
2024-12-11 03:00:00,0.11,69.48,clear sky,5.71,63.73,13.94,-2.5,23.65,913248.74
2024-12-11 04:00:00,0.14,95.39,overcast clouds,3.51,83.53,9.46,21.83,15.79,625630.45
2024-12-11 05:00:00,0.05,75.63,overcast clouds,8.43,76.31,7.52,14.88,29.88,496985.87
2024-12-11 06:00:00,0.17,68.24,scattered clouds,7.38,94.21,12.24,16.2,23.59,806086.31
2024-12-11 07:00:00,0.25,71.75,overcast clouds,6.21,92.73,6.78,17.35,16.62,449073.71
2024-12-11 08:00:00,0.03,66.58,overcast clouds,8.73,63.71,36.43,78.22,55.82,2407599.89
2024-12-11 09:00:00,0.06,60.37,light rain,7.98,64.33,28.0,52.52,50.94,1848469.66
2024-12-11 10:00:00,0.17,67.15,scattered clouds,9.3,93.62,23.76,40.37,119.58,1567913.43
2024-12-11 11:00:00,0.06,52.49,scattered clouds,6.78,70.06,50.75,36.32,113.42,3335231.49
2024-12-11 12:00:00,0.12,71.54,overcast clouds,6.23,95.98,39.81,75.37,93.67,2628394.25
2024-12-11 13:00:00,0.08,76.27,scattered clouds,8.5,76.49,39.79,53.06,27.2,2621145.79
2024-12-11 14:00:00,0.02,87.71,overcast clouds,2.38,82.42,52.37,56.83,81.84,3446858.49
2024-12-11 15:00:00,0.16,91.76,overcast clouds,6.0,74.07,43.64,56.42,76.61,2874674.54
2024-12-11 16:00:00,0.27,72.29,scattered clouds,4.38,92.7,61.9,66.14,38.93,4073522.24
2024-12-11 17:00:00,0.14,73.81,clear sky,6.54,67.01,9.19,6.19,26.71,604026.52
2024-12-11 18:00:00,0.01,87.16,overcast clouds,7.08,69.52,6.66,15.09,18.56,440163.99
2024-12-11 19:00:00,0.26,92.11,overcast clouds,8.09,65.5,10.93,14.49,16.53,720156.62
2024-12-11 20:00:00,0.01,85.67,overcast clouds,8.35,80.88,19.43,14.1,18.86,1277048.01
2024-12-11 21:00:00,0.01,62.35,overcast clouds,5.74,69.98,1.88,13.49,23.25,126594.08
2024-12-11 22:00:00,0.01,91.93,clear sky,3.55,94.22,3.8,13.55,25.88,252255.64
2024-12-11 23:00:00,0.11,66.19,overcast clouds,10.84,83.93,9.07,18.95,13.09,599589.02
